TABLE->,HYDR-PARM2,HYDR-PARM2,HYDR-PARM2,HYDR-PARM2,HYDR-PARM2,HYDR-PARM2,HYDR-INIT,HYDR-INIT,HYDR-INIT,HYDR-INIT,HYDR-INIT,HYDR-INIT,HYDR-INIT,HYDR-INIT,HYDR-INIT,HYDR-INIT,HYDR-INIT
VARS->,FTABNO,LEN,DELTH,STCOR,KS,DB50,VOL,CEX1,CEX2,CEX3,CEX4,CEX5,DEX1,DEX2,DEX3,DEX4,DEX5
MN0_8300_0001,1,6.2,22.96,NA,0.5,NA,37.65,NA,NA,NA,NA,NA,NA,NA,NA,NA,NA
MN1_7590_7860,1,20.69,62.32,NA,0.5,NA,301.35,NA,NA,NA,NA,NA,NA,NA,NA,NA,NA
MN4_7810_8080,1,21.92,62.32,NA,0.5,NA,357.78,NA,NA,NA,NA,NA,NA,NA,NA,NA,NA
MN3_7540_7680,1,47.11,108.24,NA,0.5,NA,1509.29,NA,NA,NA,NA,NA,NA,NA,NA,NA,NA
MN3_7680_7860,1,12.91,16.4,NA,0.5,NA,445.42,NA,NA,NA,NA,NA,NA,NA,NA,NA,NA
MN3_7860_8080,1,9.45,6.56,NA,0.5,NA,416.32,NA,NA,NA,NA,NA,NA,NA,NA,NA,NA
MN4_8080_8110,1,4.86,3.28,NA,0.5,NA,254.13,NA,NA,NA,NA,NA,NA,NA,NA,NA,NA
MN1_7990_8100,1,10.79,170.56,NA,0.5,NA,121.43,NA,NA,NA,NA,NA,NA,NA,NA,NA,NA
MN2_8530_8510,1,12.42,62.32,NA,0.5,NA,166.89,NA,NA,NA,NA,NA,NA,NA,NA,NA,NA
MN2_8250_8190,1,17.92,131.2,NA,0.5,NA,331.77,NA,NA,NA,NA,NA,NA,NA,NA,NA,NA
MN4_8510_8380,1,36.14,144.32,NA,0.5,NA,1262.2,NA,NA,NA,NA,NA,NA,NA,NA,NA,NA
MN2_8100_8190,1,17.46,82,NA,0.5,NA,433.29,NA,NA,NA,NA,NA,NA,NA,NA,NA,NA
MN3_8190_8260,1,39.86,114.8,NA,0.5,NA,2587.88,NA,NA,NA,NA,NA,NA,NA,NA,NA,NA
MN4_8260_8400,1,23.02,111.52,NA,0.5,NA,1906.48,NA,NA,NA,NA,NA,NA,NA,NA,NA,NA
MN4_8400_8380,1,20.85,52.48,NA,0.5,NA,1837.97,NA,NA,NA,NA,NA,NA,NA,NA,NA,NA
MN1_7730_8160,1,28.56,88.56,NA,0.5,NA,481.12,NA,NA,NA,NA,NA,NA,NA,NA,NA,NA
MN1_7620_7710,1,34.14,229.6,NA,0.5,NA,721,NA,NA,NA,NA,NA,NA,NA,NA,NA,NA
MN5_8230_8161,1,48.71,219.76,NA,0.5,NA,1297.28,NA,NA,NA,NA,NA,NA,NA,NA,NA,NA
MN2_7720_7830,1,22.13,229.6,NA,0.5,NA,430.62,NA,NA,NA,NA,NA,NA,NA,NA,NA,NA
MN3_7770_7930,1,43.21,308.32,NA,0.5,NA,1909.22,NA,NA,NA,NA,NA,NA,NA,NA,NA,NA
MN2_7830_7950,1,23.1,62.32,NA,0.5,NA,819.95,NA,NA,NA,NA,NA,NA,NA,NA,NA,NA
MN3_7930_8010,1,36.38,78.72,NA,0.5,NA,1818.99,NA,NA,NA,NA,NA,NA,NA,NA,NA,NA
MN3_8010_7950,1,4.94,49.2,NA,0.5,NA,250.35,NA,NA,NA,NA,NA,NA,NA,NA,NA,NA
MN4_7950_7710,1,2.99,16.4,NA,0.5,NA,192.3,NA,NA,NA,NA,NA,NA,NA,NA,NA,NA
MN4_7710_8161,1,30.32,32.8,NA,0.5,NA,2489.2,NA,NA,NA,NA,NA,NA,NA,NA,NA,NA
MN5_8161_8160,1,6.87,13.12,NA,0.5,NA,635.29,NA,NA,NA,NA,NA,NA,NA,NA,NA,NA
TU2_8790_9070,1,42.83,659.28,NA,0.5,NA,1074.34,NA,NA,NA,NA,NA,NA,NA,NA,NA,NA
TU1_9220_9200,1,20.23,144.32,NA,0.5,NA,180.92,NA,NA,NA,NA,NA,NA,NA,NA,NA,NA
TU2_9070_9090,1,11.23,85.28,NA,0.5,NA,319.27,NA,NA,NA,NA,NA,NA,NA,NA,NA,NA
TU2_8950_9040,1,14.83,383.76,NA,0.5,NA,170.15,NA,NA,NA,NA,NA,NA,NA,NA,NA,NA
TU2_9100_9200,1,20.57,488.72,NA,0.5,NA,287.35,NA,NA,NA,NA,NA,NA,NA,NA,NA,NA
TU2_9200_9180,1,2.92,104.96,NA,0.5,NA,60.29,NA,NA,NA,NA,NA,NA,NA,NA,NA,NA
TU3_9040_9180,1,18.67,295.2,NA,0.5,NA,346.51,NA,NA,NA,NA,NA,NA,NA,NA,NA,NA
TU3_9180_9090,1,5.27,78.72,NA,0.5,NA,187.44,NA,NA,NA,NA,NA,NA,NA,NA,NA,NA
TU3_8880_9230,1,44.25,1000.4,NA,0.5,NA,1080.61,NA,NA,NA,NA,NA,NA,NA,NA,NA,NA
TU3_9060_9230,1,14.79,662.56,NA,0.5,NA,191.13,NA,NA,NA,NA,NA,NA,NA,NA,NA,NA
TU3_9230_9260,1,12.28,3.28,NA,0.5,NA,432.19,NA,NA,NA,NA,NA,NA,NA,NA,NA,NA
TU1_9010_9290,1,42.62,1075.84,NA,0.5,NA,576.96,NA,NA,NA,NA,NA,NA,NA,NA,NA,NA
TU3_8650_8800,1,42.87,777.36,NA,0.5,NA,1135.31,NA,NA,NA,NA,NA,NA,NA,NA,NA,NA
TU4_8800_9290,1,70.64,511.68,NA,0.5,NA,3984.98,NA,NA,NA,NA,NA,NA,NA,NA,NA,NA
TU2_8970_9280,1,42.35,711.76,NA,0.5,NA,751.41,NA,NA,NA,NA,NA,NA,NA,NA,NA,NA
TU2_8860_9000,1,29.87,892.16,NA,0.5,NA,423.95,NA,NA,NA,NA,NA,NA,NA,NA,NA,NA
TU1_8570_8680,1,40.85,521.52,NA,0.5,NA,686,NA,NA,NA,NA,NA,NA,NA,NA,NA,NA
TU3_8480_8680,1,40.56,603.52,NA,0.5,NA,1088.16,NA,NA,NA,NA,NA,NA,NA,NA,NA,NA
TU4_8680_8810,1,22.4,344.4,NA,0.5,NA,1187.01,NA,NA,NA,NA,NA,NA,NA,NA,NA,NA
TU4_8810_9000,1,24.74,157.44,NA,0.5,NA,1577.33,NA,NA,NA,NA,NA,NA,NA,NA,NA,NA
TU5_9000_9280,1,33.35,144.32,NA,0.5,NA,2890.38,NA,NA,NA,NA,NA,NA,NA,NA,NA,NA
BS2_8590_8440,1,22.87,459.2,NA,0.5,NA,529.48,NA,NA,NA,NA,NA,NA,NA,NA,NA,NA
BS1_8730_8540,1,17.5,987.28,NA,0.5,NA,207.75,NA,NA,NA,NA,NA,NA,NA,NA,NA,NA
BS3_8580_8440,1,28.73,1348.08,NA,0.5,NA,505.05,NA,NA,NA,NA,NA,NA,NA,NA,NA,NA
BS4_8440_8441,1,2.64,59.04,NA,0.5,NA,100.95,NA,NA,NA,NA,NA,NA,NA,NA,NA,NA
BS4_8540_8441,1,10,2,NA,0.5,NA,27905,NA,NA,NA,NA,NA,NA,NA,NA,NA,NA
BS3_8350_8330,1,29.8,1020.08,NA,0.5,NA,1105.71,NA,NA,NA,NA,NA,NA,NA,NA,NA,NA
OR2_8450_8490,1,20.11,180.4,NA,0.5,NA,380.58,NA,NA,NA,NA,NA,NA,NA,NA,NA,NA
OD2_8920_8830,1,10,2,NA,0.5,NA,106280,NA,NA,NA,NA,NA,NA,NA,NA,NA,NA
OD3_8340_8520,1,67,442.8,NA,0.5,NA,4381.39,NA,NA,NA,NA,NA,NA,NA,NA,NA,NA
OR5_7910_8410,1,27.35,124.64,NA,0.5,NA,891.48,NA,NA,NA,NA,NA,NA,NA,NA,NA,NA
OD2_8830_8710,1,11.09,13.12,NA,0.5,NA,445.61,NA,NA,NA,NA,NA,NA,NA,NA,NA,NA
OD2_8670_8890,1,22.49,403.44,NA,0.5,NA,437.64,NA,NA,NA,NA,NA,NA,NA,NA,NA,NA
OD3_8520_8621,1,11.59,49.2,NA,0.5,NA,810.74,NA,NA,NA,NA,NA,NA,NA,NA,NA,NA
OR2_7670_7840,1,23.28,272.24,NA,0.5,NA,601.6,NA,NA,NA,NA,NA,NA,NA,NA,NA,NA
OR1_7700_7980,1,23.16,200.08,NA,0.5,NA,407.07,NA,NA,NA,NA,NA,NA,NA,NA,NA,NA
OD3_8710_8470,1,15.14,59.04,NA,0.5,NA,822.32,NA,NA,NA,NA,NA,NA,NA,NA,NA,NA
OD5_8940_8780,1,33.8,193.52,NA,0.5,NA,770.09,NA,NA,NA,NA,NA,NA,NA,NA,NA,NA
OD2_8560_8630,1,10,2,NA,0.5,NA,106280,NA,NA,NA,NA,NA,NA,NA,NA,NA,NA
OR2_7610_7780,1,37.55,678.96,NA,0.5,NA,1612.81,NA,NA,NA,NA,NA,NA,NA,NA,NA,NA
OD5_8890_8770,1,6.41,78.72,NA,0.5,NA,132.4,NA,NA,NA,NA,NA,NA,NA,NA,NA,NA
OD3_8850_8931,1,27.91,596.96,NA,0.5,NA,536.49,NA,NA,NA,NA,NA,NA,NA,NA,NA,NA
OR2_7840_7970,1,8.73,82,NA,0.5,NA,301.07,NA,NA,NA,NA,NA,NA,NA,NA,NA,NA
OR5_7980_8200,1,10.74,68.88,NA,0.5,NA,260.79,NA,NA,NA,NA,NA,NA,NA,NA,NA,NA
OD3_8630_8720,1,20.82,147.6,NA,0.5,NA,1030.07,NA,NA,NA,NA,NA,NA,NA,NA,NA,NA
OD1_9270_9110,1,22.1,344.4,NA,0.5,NA,489.58,NA,NA,NA,NA,NA,NA,NA,NA,NA,NA
OR2_7650_8070,1,32.61,377.2,NA,0.5,NA,941.89,NA,NA,NA,NA,NA,NA,NA,NA,NA,NA
OR2_7780_7890,1,12.04,49.2,NA,0.5,NA,605.96,NA,NA,NA,NA,NA,NA,NA,NA,NA,NA
OR1_8320_8271,1,35.15,616.64,NA,0.5,NA,697.14,NA,NA,NA,NA,NA,NA,NA,NA,NA,NA
OD3_8720_8900,1,27.02,164,NA,0.5,NA,1780.33,NA,NA,NA,NA,NA,NA,NA,NA,NA,NA
OD1_8910_8930,1,21.46,879.04,NA,0.5,NA,340.16,NA,NA,NA,NA,NA,NA,NA,NA,NA,NA
OD3_8930_8931,1,13.58,144.32,NA,0.5,NA,319.86,NA,NA,NA,NA,NA,NA,NA,NA,NA,NA
OR2_8070_8120,1,11.64,49.2,NA,0.5,NA,428.53,NA,NA,NA,NA,NA,NA,NA,NA,NA,NA
OR2_8460_8271,1,59.17,610.08,NA,0.5,NA,2758.72,NA,NA,NA,NA,NA,NA,NA,NA,NA,NA
OR1_8280_8020,1,17.89,1246.4,NA,0.5,NA,265.27,NA,NA,NA,NA,NA,NA,NA,NA,NA,NA
OD2_8840_9020,1,37.84,1918.8,NA,0.5,NA,766.68,NA,NA,NA,NA,NA,NA,NA,NA,NA,NA
OD3_9020_9110,1,30.76,314.88,NA,0.5,NA,1445.57,NA,NA,NA,NA,NA,NA,NA,NA,NA,NA
OR2_8020_8130,1,10.82,183.68,NA,0.5,NA,319.82,NA,NA,NA,NA,NA,NA,NA,NA,NA,NA
OR2_8130_7900,1,7.79,127.92,NA,0.5,NA,249.18,NA,NA,NA,NA,NA,NA,NA,NA,NA,NA
OR2_7900_7740,1,14.48,147.6,NA,0.5,NA,586.36,NA,NA,NA,NA,NA,NA,NA,NA,NA,NA
OD3_8931_9140,1,17.37,219.76,NA,0.5,NA,744.31,NA,NA,NA,NA,NA,NA,NA,NA,NA,NA
OD4_9110_9140,1,13.46,42.64,NA,0.5,NA,994.06,NA,NA,NA,NA,NA,NA,NA,NA,NA,NA
OD4_9140_8990,1,9.02,9.84,NA,0.5,NA,966.35,NA,NA,NA,NA,NA,NA,NA,NA,NA,NA
OR3_7740_8271,1,6.88,68.88,NA,0.5,NA,353.08,NA,NA,NA,NA,NA,NA,NA,NA,NA,NA
OR4_8271_8120,1,10,2,NA,0.5,NA,863768,NA,NA,NA,NA,NA,NA,NA,NA,NA,NA
OR4_8120_7890,1,16.16,36.08,NA,0.5,NA,2628.64,NA,NA,NA,NA,NA,NA,NA,NA,NA,NA
OR5_7890_7970,1,35.19,154.16,NA,0.5,NA,7135.54,NA,NA,NA,NA,NA,NA,NA,NA,NA,NA
OD4_8990_8900,1,11.51,26.24,NA,0.5,NA,1320.42,NA,NA,NA,NA,NA,NA,NA,NA,NA,NA
OD5_8900_8770,1,32.4,114.8,NA,0.5,NA,5489.28,NA,NA,NA,NA,NA,NA,NA,NA,NA,NA
OD5_8770_8780,1,17.48,13.12,NA,0.5,NA,3464.8,NA,NA,NA,NA,NA,NA,NA,NA,NA,NA
OD5_8780_8660,1,15.54,49.2,NA,0.5,NA,3322.8,NA,NA,NA,NA,NA,NA,NA,NA,NA,NA
OR5_7970_8200,1,19.58,16.4,NA,0.5,NA,4429.79,NA,NA,NA,NA,NA,NA,NA,NA,NA,NA
OD6_8660_8621,1,22.66,22.96,NA,0.5,NA,5136.88,NA,NA,NA,NA,NA,NA,NA,NA,NA,NA
OD6_8621_8470,1,4.84,3.28,NA,0.5,NA,1276.95,NA,NA,NA,NA,NA,NA,NA,NA,NA,NA
OR5_8200_8370,1,10.04,9.84,NA,0.5,NA,2387.51,NA,NA,NA,NA,NA,NA,NA,NA,NA,NA
OR5_8370_8410,1,2.63,6.56,NA,0.5,NA,629.05,NA,NA,NA,NA,NA,NA,NA,NA,NA,NA
OR5_8410_8470,1,19.09,22.96,NA,0.5,NA,4972.55,NA,NA,NA,NA,NA,NA,NA,NA,NA,NA
OR7_8470_8490,1,10,2,NA,0.5,NA,1055100,NA,NA,NA,NA,NA,NA,NA,NA,NA,NA
NR1_8030_8051,1,13.18,178.72,NA,0.5,NA,127.43,NA,NA,NA,NA,NA,NA,NA,NA,NA,NA
NR1_7880_8050,1,18.02,1361.2,NA,0.5,NA,140.73,NA,NA,NA,NA,NA,NA,NA,NA,NA,NA
NR2_8210_8180,1,48.16,741.28,NA,0.5,NA,1284.63,NA,NA,NA,NA,NA,NA,NA,NA,NA,NA
NR3_8420_8430,1,64.97,803.6,NA,0.5,NA,2259.65,NA,NA,NA,NA,NA,NA,NA,NA,NA,NA
NR3_8290_8170,1,54.54,731.44,NA,0.5,NA,1730.58,NA,NA,NA,NA,NA,NA,NA,NA,NA,NA
NR6_8180_8051,1,4.31,78.72,NA,0.5,NA,121.24,NA,NA,NA,NA,NA,NA,NA,NA,NA,NA
NR3_8690_8500,1,47.95,921.68,NA,0.5,NA,1513.98,NA,NA,NA,NA,NA,NA,NA,NA,NA,NA
NR3_8430_7820,1,6.85,141.04,NA,0.5,NA,261.57,NA,NA,NA,NA,NA,NA,NA,NA,NA,NA
NR6_8170_7960,1,8.16,9.84,NA,0.5,NA,283.78,NA,NA,NA,NA,NA,NA,NA,NA,NA,NA
NR3_8740_8500,1,29.64,974.16,NA,0.5,NA,362.73,NA,NA,NA,NA,NA,NA,NA,NA,NA,NA
NR2_8600_8700,1,39.87,518.24,NA,0.5,NA,1189.45,NA,NA,NA,NA,NA,NA,NA,NA,NA,NA
NR1_8820_8760,1,33.32,1039.76,NA,0.5,NA,611.18,NA,NA,NA,NA,NA,NA,NA,NA,NA,NA
NR5_8700_8640,1,7.07,75.44,NA,0.5,NA,220.4,NA,NA,NA,NA,NA,NA,NA,NA,NA,NA
NR1_8960_8870,1,23.22,646.16,NA,0.5,NA,286.74,NA,NA,NA,NA,NA,NA,NA,NA,NA,NA
NR1_9150_9050,1,28.35,678.96,NA,0.5,NA,470.46,NA,NA,NA,NA,NA,NA,NA,NA,NA,NA
NR1_9030_9080,1,18.65,1046.32,NA,0.5,NA,213.7,NA,NA,NA,NA,NA,NA,NA,NA,NA,NA
NR2_9250_9170,1,25.05,797.04,NA,0.5,NA,473.86,NA,NA,NA,NA,NA,NA,NA,NA,NA,NA
NR3_9310_9240,1,44.35,373.92,NA,0.5,NA,1082.94,NA,NA,NA,NA,NA,NA,NA,NA,NA,NA
NR3_9190_9170,1,13.09,790.48,NA,0.5,NA,116.29,NA,NA,NA,NA,NA,NA,NA,NA,NA,NA
NR3_9170_9130,1,18.45,95.12,NA,0.5,NA,601.41,NA,NA,NA,NA,NA,NA,NA,NA,NA,NA
NR3_9240_9130,1,25.16,134.48,NA,0.5,NA,909.25,NA,NA,NA,NA,NA,NA,NA,NA,NA,NA
NR4_9130_9080,1,8.91,59.04,NA,0.5,NA,571.19,NA,NA,NA,NA,NA,NA,NA,NA,NA,NA
NR5_9080_9050,1,26.16,209.92,NA,0.5,NA,2064.91,NA,NA,NA,NA,NA,NA,NA,NA,NA,NA
NR5_9050_8870,1,10.96,52.48,NA,0.5,NA,980.92,NA,NA,NA,NA,NA,NA,NA,NA,NA,NA
NR5_8870_8760,1,30.32,285.36,NA,0.5,NA,3374.22,NA,NA,NA,NA,NA,NA,NA,NA,NA,NA
NR5_8760_8640,1,13.38,59.04,NA,0.5,NA,1657.2,NA,NA,NA,NA,NA,NA,NA,NA,NA,NA
NR6_8640_8500,1,7.03,9.84,NA,0.5,NA,1001.74,NA,NA,NA,NA,NA,NA,NA,NA,NA,NA
NR6_8500_7820,1,10,2,NA,0.5,NA,1055100,NA,NA,NA,NA,NA,NA,NA,NA,NA,NA
NR6_7820_7960,1,42.34,157.44,NA,0.5,NA,9043.2,NA,NA,NA,NA,NA,NA,NA,NA,NA,NA
NR6_7960_8050,1,5.35,19.68,NA,0.5,NA,1235.03,NA,NA,NA,NA,NA,NA,NA,NA,NA,NA
NR6_8050_8051,1,8.41,39.36,NA,0.5,NA,1975.34,NA,NA,NA,NA,NA,NA,NA,NA,NA,NA
NR6_8051_8000,1,6.5,22.96,NA,0.5,NA,1631.79,NA,NA,NA,NA,NA,NA,NA,NA,NA,NA
YM1_6370_6620,1,20.67,111.52,NA,0.5,NA,406.29,NA,NA,NA,NA,NA,NA,NA,NA,NA,NA
YM2_6120_6430,1,41.38,291.92,NA,0.5,NA,1522.75,NA,NA,NA,NA,NA,NA,NA,NA,NA,NA
YM3_6430_6620,1,23.15,26.24,NA,0.5,NA,1003.42,NA,NA,NA,NA,NA,NA,NA,NA,NA,NA
YM4_6620_0001,1,8.21,9.84,NA,0.5,NA,470.42,NA,NA,NA,NA,NA,NA,NA,NA,NA,NA
GY0_3800_3801,1,12.39,406.7,NA,0.5,NA,148.77,NA,NA,NA,NA,NA,NA,NA,NA,NA,NA
GY0_3950_3952,1,17.29,1066,NA,0.5,NA,169.08,NA,NA,NA,NA,NA,NA,NA,NA,NA,NA
GY0_4240_3951,1,10,2,NA,0.5,NA,10701,NA,NA,NA,NA,NA,NA,NA,NA,NA,NA
GY0_4530_4532,1,11.24,164,NA,0.5,NA,96.61,NA,NA,NA,NA,NA,NA,NA,NA,NA,NA
GY0_4531_4532,1,20.08,295.2,NA,0.5,NA,312.81,NA,NA,NA,NA,NA,NA,NA,NA,NA,NA
GY0_4532_3951,1,9.2,249.28,NA,0.5,NA,222.99,NA,NA,NA,NA,NA,NA,NA,NA,NA,NA
GY0_3951_3952,1,15.78,646.16,NA,0.5,NA,594.22,NA,NA,NA,NA,NA,NA,NA,NA,NA,NA
XU0_4090_4270,1,17.03,272.24,NA,0.5,NA,150.23,NA,NA,NA,NA,NA,NA,NA,NA,NA,NA
XU0_4130_4070,1,6.99,108.24,NA,0.5,NA,55.75,NA,NA,NA,NA,NA,NA,NA,NA,NA,NA
XU0_4091_4270,1,22.5,314.88,NA,0.5,NA,265.73,NA,NA,NA,NA,NA,NA,NA,NA,NA,NA
XU2_4270_4650,1,17.07,150.88,NA,0.5,NA,372.99,NA,NA,NA,NA,NA,NA,NA,NA,NA,NA
XU2_4070_4330,1,10,2,NA,0.5,NA,1950,NA,NA,NA,NA,NA,NA,NA,NA,NA,NA
XU2_4330_4480,1,10,2,NA,0.5,NA,1690,NA,NA,NA,NA,NA,NA,NA,NA,NA,NA
XU2_4480_4650,1,18.03,131.2,NA,0.5,NA,424.29,NA,NA,NA,NA,NA,NA,NA,NA,NA,NA
XU3_4650_0001,1,3.61,6.56,NA,0.5,NA,131.24,NA,NA,NA,NA,NA,NA,NA,NA,NA,NA
YP1_6570_6680,1,28.89,226.32,NA,0.5,NA,543.08,NA,NA,NA,NA,NA,NA,NA,NA,NA,NA
YP3_6470_6690,1,76.12,380.48,NA,0.5,NA,3882.25,NA,NA,NA,NA,NA,NA,NA,NA,NA,NA
YP2_6390_6330,1,10,2,NA,0.5,NA,279231,NA,NA,NA,NA,NA,NA,NA,NA,NA,NA
YP1_6680_6670,1,8.49,36.08,NA,0.5,NA,172.7,NA,NA,NA,NA,NA,NA,NA,NA,NA,NA
YP3_6690_6720,1,11.31,45.92,NA,0.5,NA,655.28,NA,NA,NA,NA,NA,NA,NA,NA,NA,NA
YP3_6330_6700,1,28.64,141.04,NA,0.5,NA,1651.23,NA,NA,NA,NA,NA,NA,NA,NA,NA,NA
YP3_6700_6670,1,2.11,13.12,NA,0.5,NA,92.41,NA,NA,NA,NA,NA,NA,NA,NA,NA,NA
YP3_6670_6720,1,1.29,1.64,NA,0.5,NA,66.15,NA,NA,NA,NA,NA,NA,NA,NA,NA,NA
YP4_6720_6750,1,8.14,22.96,NA,0.5,NA,624.11,NA,NA,NA,NA,NA,NA,NA,NA,NA,NA
YP4_6750_0001,1,15.41,29.52,NA,0.5,NA,1230.42,NA,NA,NA,NA,NA,NA,NA,NA,NA,NA
JA1_7600_7570,1,18.31,150.88,NA,0.5,NA,463.93,NA,NA,NA,NA,NA,NA,NA,NA,NA,NA
JA2_7410_7470,1,32.51,226.32,NA,0.5,NA,756.77,NA,NA,NA,NA,NA,NA,NA,NA,NA,NA
JA2_7570_7480,1,5.07,9.84,NA,0.5,NA,157.26,NA,NA,NA,NA,NA,NA,NA,NA,NA,NA
JA1_7640_7280,1,19.67,164,NA,0.5,NA,492.37,NA,NA,NA,NA,NA,NA,NA,NA,NA,NA
JA2_7550_7280,1,39.66,341.12,NA,0.5,NA,1690.8,NA,NA,NA,NA,NA,NA,NA,NA,NA,NA
JA4_7280_7340,1,44.29,95.12,NA,0.5,NA,3593.94,NA,NA,NA,NA,NA,NA,NA,NA,NA,NA
JA4_7340_7470,1,3.52,6.56,NA,0.5,NA,291.64,NA,NA,NA,NA,NA,NA,NA,NA,NA,NA
JA4_7470_7480,1,11.44,32.8,NA,0.5,NA,1133.62,NA,NA,NA,NA,NA,NA,NA,NA,NA,NA
JA5_7480_0001,1,10,2,NA,0.5,NA,2639,NA,NA,NA,NA,NA,NA,NA,NA,NA,NA
RU2_5220_5640,1,42.33,711.76,NA,0.5,NA,1552.87,NA,NA,NA,NA,NA,NA,NA,NA,NA,NA
RU2_5940_6200,1,32.15,2292.72,NA,0.5,NA,898.65,NA,NA,NA,NA,NA,NA,NA,NA,NA,NA
RU2_5500_5610,1,29.95,1708.88,NA,0.5,NA,755.34,NA,NA,NA,NA,NA,NA,NA,NA,NA,NA
RU2_5810_5610,1,31.47,1315.28,NA,0.5,NA,667.41,NA,NA,NA,NA,NA,NA,NA,NA,NA,NA
RU2_6090_6220,1,23.15,2082.8,NA,0.5,NA,459.29,NA,NA,NA,NA,NA,NA,NA,NA,NA,NA
RU3_5610_5640,1,13.63,52.48,NA,0.5,NA,635.11,NA,NA,NA,NA,NA,NA,NA,NA,NA,NA
RU4_5640_6030,1,25.57,160.72,NA,0.5,NA,2370.48,NA,NA,NA,NA,NA,NA,NA,NA,NA,NA
RU2_6200_6170,1,1.73,1.64,NA,0.5,NA,51.41,NA,NA,NA,NA,NA,NA,NA,NA,NA,NA
RU2_6220_6170,1,23.65,150.88,NA,0.5,NA,840.79,NA,NA,NA,NA,NA,NA,NA,NA,NA,NA
RU3_6170_6040,1,9.37,26.24,NA,0.5,NA,543.44,NA,NA,NA,NA,NA,NA,NA,NA,NA,NA
RU4_6040_6030,1,30.87,150.88,NA,0.5,NA,2421.83,NA,NA,NA,NA,NA,NA,NA,NA,NA,NA
RU5_6030_0001,1,11.68,55.76,NA,0.5,NA,1730.83,NA,NA,NA,NA,NA,NA,NA,NA,NA,NA
SU1_1630_1610,1,23,719.96,NA,0.5,NA,294.25,NA,NA,NA,NA,NA,NA,NA,NA,NA,NA
SU2_1550_1620,1,41.1,1254.6,NA,0.5,NA,812.2,NA,NA,NA,NA,NA,NA,NA,NA,NA,NA
SU2_1200_1310,1,28.35,721.6,NA,0.5,NA,524.09,NA,NA,NA,NA,NA,NA,NA,NA,NA,NA
SU1_1480_1500,1,26.26,964.32,NA,0.5,NA,255.14,NA,NA,NA,NA,NA,NA,NA,NA,NA,NA
SU2_1210_1310,1,29.87,1334.96,NA,0.5,NA,555.15,NA,NA,NA,NA,NA,NA,NA,NA,NA,NA
SU2_0670_0810,1,12.97,354.24,NA,0.5,NA,105.12,NA,NA,NA,NA,NA,NA,NA,NA,NA,NA
SU2_1290_1500,1,27.43,531.36,NA,0.5,NA,372.53,NA,NA,NA,NA,NA,NA,NA,NA,NA,NA
SU3_1310_1280,1,5.15,72.16,NA,0.5,NA,160.69,NA,NA,NA,NA,NA,NA,NA,NA,NA,NA
SU3_1280_1590,1,11.57,104.96,NA,0.5,NA,475.4,NA,NA,NA,NA,NA,NA,NA,NA,NA,NA
SU3_1500_1420,1,10.12,147.6,NA,0.5,NA,221.6,NA,NA,NA,NA,NA,NA,NA,NA,NA,NA
SU2_1020_0980,1,30.26,1344.8,NA,0.5,NA,580.65,NA,NA,NA,NA,NA,NA,NA,NA,NA,NA
SU3_0810_0970,1,17.52,659.28,NA,0.5,NA,312.97,NA,NA,NA,NA,NA,NA,NA,NA,NA,NA
SU1_0660_0710,1,22.91,613.36,NA,0.5,NA,407.32,NA,NA,NA,NA,NA,NA,NA,NA,NA,NA
SU2_0990_0950,1,26.34,1548.16,NA,0.5,NA,515.72,NA,NA,NA,NA,NA,NA,NA,NA,NA,NA
SU3_0970_1120,1,23.33,377.2,NA,0.5,NA,883.59,NA,NA,NA,NA,NA,NA,NA,NA,NA,NA
SU2_0780_0710,1,17.78,908.56,NA,0.5,NA,227.23,NA,NA,NA,NA,NA,NA,NA,NA,NA,NA
SU2_0760_0960,1,27.32,669.12,NA,0.5,NA,509.1,NA,NA,NA,NA,NA,NA,NA,NA,NA,NA
SU2_0700_0860,1,34.03,787.2,NA,0.5,NA,1031.03,NA,NA,NA,NA,NA,NA,NA,NA,NA,NA
SU3_0710_0910,1,14.75,121.36,NA,0.5,NA,687.93,NA,NA,NA,NA,NA,NA,NA,NA,NA,NA
SU3_0910_1010,1,3.87,65.6,NA,0.5,NA,187.83,NA,NA,NA,NA,NA,NA,NA,NA,NA,NA
SU1_0940_0900,1,24.06,1184.08,NA,0.5,NA,350.05,NA,NA,NA,NA,NA,NA,NA,NA,NA,NA
SU2_0800_0850,1,34.44,675.68,NA,0.5,NA,933.97,NA,NA,NA,NA,NA,NA,NA,NA,NA,NA
SU2_0890_0900,1,29.75,741.28,NA,0.5,NA,597.35,NA,NA,NA,NA,NA,NA,NA,NA,NA,NA
SU2_0680_0610,1,20.12,662.56,NA,0.5,NA,446.05,NA,NA,NA,NA,NA,NA,NA,NA,NA,NA
SU2_0450_0720,1,35.91,603.52,NA,0.5,NA,787.04,NA,NA,NA,NA,NA,NA,NA,NA,NA,NA
SU2_0900_0870,1,1.45,39.36,NA,0.5,NA,43.3,NA,NA,NA,NA,NA,NA,NA,NA,NA,NA
SU3_0870_0730,1,6.34,75.44,NA,0.5,NA,228.65,NA,NA,NA,NA,NA,NA,NA,NA,NA,NA
SU3_0370_0490,1,28.92,249.28,NA,0.5,NA,1543.37,NA,NA,NA,NA,NA,NA,NA,NA,NA,NA
SU2_0470_0590,1,20.54,154.16,NA,0.5,NA,468.39,NA,NA,NA,NA,NA,NA,NA,NA,NA,NA
SU2_0440_0550,1,18.21,446.08,NA,0.5,NA,336.59,NA,NA,NA,NA,NA,NA,NA,NA,NA,NA
SU2_0640_0630,1,25.75,823.28,NA,0.5,NA,520.31,NA,NA,NA,NA,NA,NA,NA,NA,NA,NA
SU3_0490_0530,1,12.51,78.72,NA,0.5,NA,808.98,NA,NA,NA,NA,NA,NA,NA,NA,NA,NA
SU1_0330_0560,1,31.4,646.16,NA,0.5,NA,530.55,NA,NA,NA,NA,NA,NA,NA,NA,NA,NA
SU1_0390_0560,1,21.47,396.88,NA,0.5,NA,297.47,NA,NA,NA,NA,NA,NA,NA,NA,NA,NA
SU1_0820_0740,1,13.94,577.28,NA,0.5,NA,215.73,NA,NA,NA,NA,NA,NA,NA,NA,NA,NA
SU2_0510_0570,1,12.81,65.6,NA,0.5,NA,303.09,NA,NA,NA,NA,NA,NA,NA,NA,NA,NA
SU2_0110_0240,1,31.97,432.96,NA,0.5,NA,715.5,NA,NA,NA,NA,NA,NA,NA,NA,NA,NA
SU1_0410_0480,1,10.05,396.88,NA,0.5,NA,60.03,NA,NA,NA,NA,NA,NA,NA,NA,NA,NA
SU2_0560_0590,1,4.68,49.2,NA,0.5,NA,125.52,NA,NA,NA,NA,NA,NA,NA,NA,NA,NA
SU3_0590_0540,1,2.67,36.08,NA,0.5,NA,112.52,NA,NA,NA,NA,NA,NA,NA,NA,NA,NA
SU2_0620_0580,1,19.69,885.6,NA,0.5,NA,319.09,NA,NA,NA,NA,NA,NA,NA,NA,NA,NA
SU1_0840_0831,1,18.42,544.48,NA,0.5,NA,301.08,NA,NA,NA,NA,NA,NA,NA,NA,NA,NA
SU2_0740_0741,1,24.44,314.88,NA,0.5,NA,823.5,NA,NA,NA,NA,NA,NA,NA,NA,NA,NA
SU2_0280_0430,1,26.51,675.68,NA,0.5,NA,461.16,NA,NA,NA,NA,NA,NA,NA,NA,NA,NA
SU2_0120_0260,1,33.3,475.6,NA,0.5,NA,914.16,NA,NA,NA,NA,NA,NA,NA,NA,NA,NA
SU2_0360_0460,1,4.01,127.92,NA,0.5,NA,35,NA,NA,NA,NA,NA,NA,NA,NA,NA,NA
SU3_0240_0350,1,10,2,NA,0.5,NA,3462,NA,NA,NA,NA,NA,NA,NA,NA,NA,NA
SU2_0570_0580,1,7.08,19.68,NA,0.5,NA,190.05,NA,NA,NA,NA,NA,NA,NA,NA,NA,NA
SU4_0580_0630,1,30.77,134.48,NA,0.5,NA,1451.74,NA,NA,NA,NA,NA,NA,NA,NA,NA,NA
SU2_0920_0830,1,27.64,967.6,NA,0.5,NA,634.22,NA,NA,NA,NA,NA,NA,NA,NA,NA,NA
SU2_0741_0690,1,10,2,NA,0.5,NA,4283,NA,NA,NA,NA,NA,NA,NA,NA,NA,NA
SU1_0200_0270,1,7.73,196.8,NA,0.5,NA,90.21,NA,NA,NA,NA,NA,NA,NA,NA,NA,NA
SU1_0050_0090,1,23.43,209.92,NA,0.5,NA,277.82,NA,NA,NA,NA,NA,NA,NA,NA,NA,NA
SU2_0160_0260,1,17.6,472.32,NA,0.5,NA,306.25,NA,NA,NA,NA,NA,NA,NA,NA,NA,NA
SU4_0630_0650,1,4.95,36.08,NA,0.5,NA,299.13,NA,NA,NA,NA,NA,NA,NA,NA,NA,NA
SU2_0830_0831,1,5.6,49.2,NA,0.5,NA,143.4,NA,NA,NA,NA,NA,NA,NA,NA,NA,NA
SU3_0831_0790,1,10,2,NA,0.5,NA,6230,NA,NA,NA,NA,NA,NA,NA,NA,NA,NA
SU3_0790_0770,1,3.81,26.24,NA,0.5,NA,194.69,NA,NA,NA,NA,NA,NA,NA,NA,NA,NA
SU1_0380_0400,1,10.61,492,NA,0.5,NA,89.42,NA,NA,NA,NA,NA,NA,NA,NA,NA,NA
SU1_0080_0210,1,22.46,583.84,NA,0.5,NA,255.99,NA,NA,NA,NA,NA,NA,NA,NA,NA,NA
SU4_0260_0350,1,25.33,141.04,NA,0.5,NA,1330.89,NA,NA,NA,NA,NA,NA,NA,NA,NA,NA
SU4_0350_0420,1,12.35,62.32,NA,0.5,NA,952.04,NA,NA,NA,NA,NA,NA,NA,NA,NA,NA
SU2_0070_0090,1,19.81,226.32,NA,0.5,NA,379.33,NA,NA,NA,NA,NA,NA,NA,NA,NA,NA
SU3_0090_0170,1,4.66,22.96,NA,0.5,NA,161.56,NA,NA,NA,NA,NA,NA,NA,NA,NA,NA
SU3_0770_0690,1,4.38,16.4,NA,0.5,NA,229.91,NA,NA,NA,NA,NA,NA,NA,NA,NA,NA
SU4_0690_0650,1,9.98,39.36,NA,0.5,NA,807.47,NA,NA,NA,NA,NA,NA,NA,NA,NA,NA
SU5_0650_0530,1,5.22,6.56,NA,0.5,NA,628.88,NA,NA,NA,NA,NA,NA,NA,NA,NA,NA
SU3_0170_0270,1,16.39,55.76,NA,0.5,NA,681.84,NA,NA,NA,NA,NA,NA,NA,NA,NA,NA
SU2_0290_0291,1,20.49,797.04,NA,0.5,NA,316.7,NA,NA,NA,NA,NA,NA,NA,NA,NA,NA
SU1_0060_0190,1,28.61,344.4,NA,0.5,NA,455.16,NA,NA,NA,NA,NA,NA,NA,NA,NA,NA
SU4_0270_0430,1,32.03,95.12,NA,0.5,NA,2075.68,NA,NA,NA,NA,NA,NA,NA,NA,NA,NA
SU2_0210_0300,1,15.89,88.56,NA,0.5,NA,324.74,NA,NA,NA,NA,NA,NA,NA,NA,NA,NA
SU2_0130_0250,1,16.35,137.76,NA,0.5,NA,292.67,NA,NA,NA,NA,NA,NA,NA,NA,NA,NA
SU4_0430_0420,1,6.51,6.56,NA,0.5,NA,483.69,NA,NA,NA,NA,NA,NA,NA,NA,NA,NA
SU5_0530_0610,1,27.54,121.36,NA,0.5,NA,4775.88,NA,NA,NA,NA,NA,NA,NA,NA,NA,NA
SU5_0610_0600,1,10.74,29.52,NA,0.5,NA,2022.57,NA,NA,NA,NA,NA,NA,NA,NA,NA,NA
SU5_0420_0500,1,15.7,59.04,NA,0.5,NA,2121.36,NA,NA,NA,NA,NA,NA,NA,NA,NA,NA
SU2_0291_0320,1,10,2,NA,0.5,NA,1950,NA,NA,NA,NA,NA,NA,NA,NA,NA,NA
SU3_0010_0190,1,39.46,410,NA,0.5,NA,1135.57,NA,NA,NA,NA,NA,NA,NA,NA,NA,NA
SU5_0600_0750,1,13.65,52.48,NA,0.5,NA,2638.63,NA,NA,NA,NA,NA,NA,NA,NA,NA,NA
SU3_0190_0300,1,21.75,62.32,NA,0.5,NA,984.98,NA,NA,NA,NA,NA,NA,NA,NA,NA,NA
SU4_0300_0310,1,9.81,32.8,NA,0.5,NA,601.26,NA,NA,NA,NA,NA,NA,NA,NA,NA,NA
SU2_0150_0220,1,31.1,751.12,NA,0.5,NA,796.45,NA,NA,NA,NA,NA,NA,NA,NA,NA,NA
SU2_0100_0230,1,30.43,741.28,NA,0.5,NA,583.08,NA,NA,NA,NA,NA,NA,NA,NA,NA,NA
SU2_0320_0340,1,4.7,91.84,NA,0.5,NA,84.51,NA,NA,NA,NA,NA,NA,NA,NA,NA,NA
SU2_0040_0180,1,26.1,354.24,NA,0.5,NA,409.34,NA,NA,NA,NA,NA,NA,NA,NA,NA,NA
SU2_0020_0140,1,29.6,331.28,NA,0.5,NA,505.91,NA,NA,NA,NA,NA,NA,NA,NA,NA,NA
SU2_0030_0140,1,10,2,NA,0.5,NA,1950,NA,NA,NA,NA,NA,NA,NA,NA,NA,NA
SU3_0140_0180,1,7.35,26.24,NA,0.5,NA,229.27,NA,NA,NA,NA,NA,NA,NA,NA,NA,NA
SU3_0180_0230,1,11.78,49.2,NA,0.5,NA,511.17,NA,NA,NA,NA,NA,NA,NA,NA,NA,NA
SU4_0230_0220,1,3.34,9.84,NA,0.5,NA,182.83,NA,NA,NA,NA,NA,NA,NA,NA,NA,NA
SU4_0220_0250,1,7.19,42.64,NA,0.5,NA,509.88,NA,NA,NA,NA,NA,NA,NA,NA,NA,NA
SU4_0250_0340,1,15.66,39.36,NA,0.5,NA,1332.97,NA,NA,NA,NA,NA,NA,NA,NA,NA,NA
SU5_0340_0310,1,8.55,29.52,NA,0.5,NA,825,NA,NA,NA,NA,NA,NA,NA,NA,NA,NA
SU5_0310_0400,1,6.97,9.84,NA,0.5,NA,950.01,NA,NA,NA,NA,NA,NA,NA,NA,NA,NA
SU5_0400_0460,1,4.32,9.84,NA,0.5,NA,602.72,NA,NA,NA,NA,NA,NA,NA,NA,NA,NA
SU5_0460_0480,1,7.37,9.84,NA,0.5,NA,1061.48,NA,NA,NA,NA,NA,NA,NA,NA,NA,NA
SU6_0480_0520,1,43.1,101.68,NA,0.5,NA,7451.07,NA,NA,NA,NA,NA,NA,NA,NA,NA,NA
SU6_0520_0500,1,10.98,19.68,NA,0.5,NA,1931.78,NA,NA,NA,NA,NA,NA,NA,NA,NA,NA
SU6_0500_0550,1,12.2,16.4,NA,0.5,NA,3273.83,NA,NA,NA,NA,NA,NA,NA,NA,NA,NA
SU7_0550_0540,1,14.95,22.96,NA,0.5,NA,4177.14,NA,NA,NA,NA,NA,NA,NA,NA,NA,NA
SU7_0540_0720,1,20.21,36.08,NA,0.5,NA,6190.86,NA,NA,NA,NA,NA,NA,NA,NA,NA,NA
SU7_0720_0750,1,5.78,16.4,NA,0.5,NA,1814.91,NA,NA,NA,NA,NA,NA,NA,NA,NA,NA
SU7_0750_0850,1,12.76,26.24,NA,0.5,NA,5532.59,NA,NA,NA,NA,NA,NA,NA,NA,NA,NA
SU7_0850_0730,1,4.59,6.56,NA,0.5,NA,2028.07,NA,NA,NA,NA,NA,NA,NA,NA,NA,NA
SU7_0730_0860,1,20.42,49.2,NA,0.5,NA,9427.48,NA,NA,NA,NA,NA,NA,NA,NA,NA,NA
SU7_0860_0960,1,20.44,36.08,NA,0.5,NA,9745.57,NA,NA,NA,NA,NA,NA,NA,NA,NA,NA
SU7_0960_0950,1,3.73,6.56,NA,0.5,NA,1798.86,NA,NA,NA,NA,NA,NA,NA,NA,NA,NA
SU7_0950_1010,1,12.91,22.96,NA,0.5,NA,6303.18,NA,NA,NA,NA,NA,NA,NA,NA,NA,NA
SU7_1010_0980,1,2.61,16.4,NA,0.5,NA,1319.04,NA,NA,NA,NA,NA,NA,NA,NA,NA,NA
SU7_0980_1120,1,21.47,36.08,NA,0.5,NA,11258.15,NA,NA,NA,NA,NA,NA,NA,NA,NA,NA
SU7_1120_1140,1,9.45,9.84,NA,0.5,NA,5140.9,NA,NA,NA,NA,NA,NA,NA,NA,NA,NA
SU7_1140_1420,1,31.3,39.36,NA,0.5,NA,17451,NA,NA,NA,NA,NA,NA,NA,NA,NA,NA
SU7_1420_1590,1,16.62,29.52,NA,0.5,NA,9443.72,NA,NA,NA,NA,NA,NA,NA,NA,NA,NA
SU8_1590_1620,1,1.94,1.64,NA,0.5,NA,1134.33,NA,NA,NA,NA,NA,NA,NA,NA,NA,NA
SU8_1620_1610,1,3.91,3.28,NA,0.5,NA,2312.76,NA,NA,NA,NA,NA,NA,NA,NA,NA,NA
SU8_1610_1530,1,6.48,6.56,NA,0.5,NA,3866.45,NA,NA,NA,NA,NA,NA,NA,NA,NA,NA
SW1_1570_1640,1,28.03,1318.56,NA,0.5,NA,499.03,NA,NA,NA,NA,NA,NA,NA,NA,NA,NA
SW1_1560_1460,1,28.04,1069.28,NA,0.5,NA,212.15,NA,NA,NA,NA,NA,NA,NA,NA,NA,NA
SW1_1180_1190,1,9.75,924.96,NA,0.5,NA,55.19,NA,NA,NA,NA,NA,NA,NA,NA,NA,NA
SW1_1160_1260,1,12.87,708.48,NA,0.5,NA,101.86,NA,NA,NA,NA,NA,NA,NA,NA,NA,NA
SW2_1190_1410,1,27.88,557.6,NA,0.5,NA,796.51,NA,NA,NA,NA,NA,NA,NA,NA,NA,NA
SW3_1040_1220,1,21.28,534.64,NA,0.5,NA,539.77,NA,NA,NA,NA,NA,NA,NA,NA,NA,NA
SW2_1030_1060,1,18.98,698.64,NA,0.5,NA,273.29,NA,NA,NA,NA,NA,NA,NA,NA,NA,NA
SW2_1070_1060,1,27.47,1062.72,NA,0.5,NA,567.33,NA,NA,NA,NA,NA,NA,NA,NA,NA,NA
SW3_1250_1340,1,22.65,944.64,NA,0.5,NA,346.88,NA,NA,NA,NA,NA,NA,NA,NA,NA,NA
SW3_1220_1320,1,19.53,196.8,NA,0.5,NA,695.22,NA,NA,NA,NA,NA,NA,NA,NA,NA,NA
SW3_1060_1260,1,30.33,380.48,NA,0.5,NA,1426.57,NA,NA,NA,NA,NA,NA,NA,NA,NA,NA
SW4_1260_1300,1,11.16,121.36,NA,0.5,NA,621.26,NA,NA,NA,NA,NA,NA,NA,NA,NA,NA
SW3_1080_1350,1,32.59,1144.72,NA,0.5,NA,850.26,NA,NA,NA,NA,NA,NA,NA,NA,NA,NA
SW0_1520_1600,1,19.6,485.44,NA,0.5,NA,451.37,NA,NA,NA,NA,NA,NA,NA,NA,NA,NA
SW2_1000_1110,1,20.36,934.8,NA,0.5,NA,415.54,NA,NA,NA,NA,NA,NA,NA,NA,NA,NA
SW2_0880_0930,1,16.75,695.36,NA,0.5,NA,267.08,NA,NA,NA,NA,NA,NA,NA,NA,NA,NA
SW2_1100_1130,1,22.2,879.04,NA,0.5,NA,474.87,NA,NA,NA,NA,NA,NA,NA,NA,NA,NA
SW1_1910_1890,1,9.73,209.92,NA,0.5,NA,89.52,NA,NA,NA,NA,NA,NA,NA,NA,NA,NA
SW2_1050_0930,1,17.19,777.36,NA,0.5,NA,224.61,NA,NA,NA,NA,NA,NA,NA,NA,NA,NA
SW3_1600_1580,1,10.73,150.88,NA,0.5,NA,232.22,NA,NA,NA,NA,NA,NA,NA,NA,NA,NA
SW3_1090_1091,1,29.25,895.44,NA,0.5,NA,809.2,NA,NA,NA,NA,NA,NA,NA,NA,NA,NA
SW2_1770_1690,1,28.54,642.88,NA,0.5,NA,463.93,NA,NA,NA,NA,NA,NA,NA,NA,NA,NA
SW3_0930_1110,1,34.77,465.76,NA,0.5,NA,1673.12,NA,NA,NA,NA,NA,NA,NA,NA,NA,NA
SW4_1110_1150,1,5.94,59.04,NA,0.5,NA,382.63,NA,NA,NA,NA,NA,NA,NA,NA,NA,NA
SW1_1890_1830,1,7.24,121.36,NA,0.5,NA,89.52,NA,NA,NA,NA,NA,NA,NA,NA,NA,NA
SW3_1130_1390,1,10,2,NA,0.5,NA,470,NA,NA,NA,NA,NA,NA,NA,NA,NA,NA
SW3_1920_1750,1,13.88,380.48,NA,0.5,NA,176.13,NA,NA,NA,NA,NA,NA,NA,NA,NA,NA
SW1_1830_1690,1,5.62,108.24,NA,0.5,NA,107.26,NA,NA,NA,NA,NA,NA,NA,NA,NA,NA
SW4_1150_1350,1,22.99,183.68,NA,0.5,NA,1761.07,NA,NA,NA,NA,NA,NA,NA,NA,NA,NA
SW5_1350_1470,1,13.68,78.72,NA,0.5,NA,1272.9,NA,NA,NA,NA,NA,NA,NA,NA,NA,NA
SW3_1690_1660,1,10,2,NA,0.5,NA,6885,NA,NA,NA,NA,NA,NA,NA,NA,NA,NA
SW2_1360_1430,1,46.21,688.8,NA,0.5,NA,2050.8,NA,NA,NA,NA,NA,NA,NA,NA,NA,NA
SW3_1390_1330,1,4.02,95.12,NA,0.5,NA,132.44,NA,NA,NA,NA,NA,NA,NA,NA,NA,NA
SW3_1091_1380,1,10,2,NA,0.5,NA,155,NA,NA,NA,NA,NA,NA,NA,NA,NA,NA
SW3_1660_1580,1,2.27,13.12,NA,0.5,NA,93.34,NA,NA,NA,NA,NA,NA,NA,NA,NA,NA
SW3_1870_1800,1,56.82,665.84,NA,0.5,NA,2542.37,NA,NA,NA,NA,NA,NA,NA,NA,NA,NA
SW3_1750_1540,1,40.1,606.8,NA,0.5,NA,1433.46,NA,NA,NA,NA,NA,NA,NA,NA,NA,NA
SW1_1170_1270,1,16.83,715.04,NA,0.5,NA,223.09,NA,NA,NA,NA,NA,NA,NA,NA,NA,NA
SW2_1240_1270,1,23.59,678.96,NA,0.5,NA,535.52,NA,NA,NA,NA,NA,NA,NA,NA,NA,NA
SW3_1380_1490,1,8.23,137.76,NA,0.5,NA,288.43,NA,NA,NA,NA,NA,NA,NA,NA,NA,NA
SW3_1580_1440,1,10.05,60.68,NA,0.5,NA,716.43,NA,NA,NA,NA,NA,NA,NA,NA,NA,NA
SW2_1950_1940,1,30.65,469.04,NA,0.5,NA,764.07,NA,NA,NA,NA,NA,NA,NA,NA,NA,NA
SW3_1800_1650,1,7.68,62.32,NA,0.5,NA,359.35,NA,NA,NA,NA,NA,NA,NA,NA,NA,NA
SW2_2020_1940,1,33.73,554.32,NA,0.5,NA,685.04,NA,NA,NA,NA,NA,NA,NA,NA,NA,NA
SW3_1270_1370,1,10.5,124.64,NA,0.5,NA,397.79,NA,NA,NA,NA,NA,NA,NA,NA,NA,NA
SW3_1370_1430,1,10.33,78.72,NA,0.5,NA,412.19,NA,NA,NA,NA,NA,NA,NA,NA,NA,NA
SW4_1940_1860,1,4.24,19.68,NA,0.5,NA,168.05,NA,NA,NA,NA,NA,NA,NA,NA,NA,NA
SW4_1860_1720,1,10,2,NA,0.5,NA,2075,NA,NA,NA,NA,NA,NA,NA,NA,NA,NA
SW4_1430_1490,1,4.17,42.64,NA,0.5,NA,299.2,NA,NA,NA,NA,NA,NA,NA,NA,NA,NA
SW4_1490_1400,1,13.42,82,NA,0.5,NA,1298.67,NA,NA,NA,NA,NA,NA,NA,NA,NA,NA
SW4_1720_1650,1,13.42,108.24,NA,0.5,NA,752.74,NA,NA,NA,NA,NA,NA,NA,NA,NA,NA
SW5_1650_1540,1,38.29,232.88,NA,0.5,NA,3914.53,NA,NA,NA,NA,NA,NA,NA,NA,NA,NA
SW5_1540_1400,1,28.02,173.84,NA,0.5,NA,3757.47,NA,NA,NA,NA,NA,NA,NA,NA,NA,NA
SW6_1400_1330,1,7.04,19.68,NA,0.5,NA,1392.72,NA,NA,NA,NA,NA,NA,NA,NA,NA,NA
SW6_1330_1230,1,6.91,22.96,NA,0.5,NA,1479.85,NA,NA,NA,NA,NA,NA,NA,NA,NA,NA
SW6_1230_1440,1,32.76,100.04,NA,0.5,NA,7666.74,NA,NA,NA,NA,NA,NA,NA,NA,NA,NA
SW6_1440_1470,1,9.03,14.76,NA,0.5,NA,2457.65,NA,NA,NA,NA,NA,NA,NA,NA,NA,NA
SW7_1470_1340,1,5.33,6.56,NA,0.5,NA,1732.32,NA,NA,NA,NA,NA,NA,NA,NA,NA,NA
SW7_1340_1320,1,12.66,13.12,NA,0.5,NA,4213.26,NA,NA,NA,NA,NA,NA,NA,NA,NA,NA
SW7_1320_1300,1,7.53,13.12,NA,0.5,NA,2619.04,NA,NA,NA,NA,NA,NA,NA,NA,NA,NA
SW7_1300_1410,1,9.24,19.68,NA,0.5,NA,3453.07,NA,NA,NA,NA,NA,NA,NA,NA,NA,NA
SW7_1410_1460,1,15.71,29.52,NA,0.5,NA,6120.76,NA,NA,NA,NA,NA,NA,NA,NA,NA,NA
SW7_1460_1640,1,8.45,9.84,NA,0.5,NA,3336.94,NA,NA,NA,NA,NA,NA,NA,NA,NA,NA
SJ2_2150_2130,1,27.7,518.24,NA,0.5,NA,308.29,NA,NA,NA,NA,NA,NA,NA,NA,NA,NA
SJ2_2110_2170,1,24.84,770.8,NA,0.5,NA,190,NA,NA,NA,NA,NA,NA,NA,NA,NA,NA
SJ2_1900_1930,1,28.16,734.72,NA,0.5,NA,664.33,NA,NA,NA,NA,NA,NA,NA,NA,NA,NA
SJ3_2160_2170,1,43.45,419.84,NA,0.5,NA,1118.85,NA,NA,NA,NA,NA,NA,NA,NA,NA,NA
SJ3_2170_1970,1,1.46,55.76,NA,0.5,NA,45.3,NA,NA,NA,NA,NA,NA,NA,NA,NA,NA
SJ1_2280_2450,1,27.19,596.96,NA,0.5,NA,299.1,NA,NA,NA,NA,NA,NA,NA,NA,NA,NA
SJ3_2040_1980,1,28.92,613.36,NA,0.5,NA,764.32,NA,NA,NA,NA,NA,NA,NA,NA,NA,NA
SJ2_2580_2500,1,37.53,682.24,NA,0.5,NA,932.56,NA,NA,NA,NA,NA,NA,NA,NA,NA,NA
SJ2_2500_2450,1,6,22.96,NA,0.5,NA,156.21,NA,NA,NA,NA,NA,NA,NA,NA,NA,NA
SJ2_2570_2660,1,16.12,478.88,NA,0.5,NA,221.18,NA,NA,NA,NA,NA,NA,NA,NA,NA,NA
SJ3_2450_2120,1,11.6,68.88,NA,0.5,NA,414.46,NA,NA,NA,NA,NA,NA,NA,NA,NA,NA
SJ3_2250_2230,1,35.3,501.84,NA,0.5,NA,1155.83,NA,NA,NA,NA,NA,NA,NA,NA,NA,NA
SJ2_2530_2820,1,30.62,701.92,NA,0.5,NA,663.99,NA,NA,NA,NA,NA,NA,NA,NA,NA,NA
SJ3_1980_2060,1,7.56,101.68,NA,0.5,NA,282.9,NA,NA,NA,NA,NA,NA,NA,NA,NA,NA
SJ3_2230_2060,1,18.47,173.84,NA,0.5,NA,774.37,NA,NA,NA,NA,NA,NA,NA,NA,NA,NA
SJ2_2900_2740,1,33.06,780.64,NA,0.5,NA,681.79,NA,NA,NA,NA,NA,NA,NA,NA,NA,NA
SJ4_2060_2010,1,8.28,62.32,NA,0.5,NA,95000,NA,NA,NA,NA,NA,NA,NA,NA,NA,NA
SJ4_2010_2210,1,3.55,13.12,NA,0.5,NA,307.94,NA,NA,NA,NA,NA,NA,NA,NA,NA,NA
SJ2_2820_2740,1,4.24,45.92,NA,0.5,NA,102.23,NA,NA,NA,NA,NA,NA,NA,NA,NA,NA
SJ4_2740_2660,1,30.69,226.32,NA,0.5,NA,1851.67,NA,NA,NA,NA,NA,NA,NA,NA,NA,NA
SJ4_2660_2360,1,9.51,59.04,NA,0.5,NA,661.54,NA,NA,NA,NA,NA,NA,NA,NA,NA,NA
SJ4_2360_2340,1,10,2,NA,0.5,NA,95000,NA,NA,NA,NA,NA,NA,NA,NA,NA,NA
SJ4_2340_2210,1,5.08,13.12,NA,0.5,NA,430.56,NA,NA,NA,NA,NA,NA,NA,NA,NA,NA
SJ5_2210_2320,1,7.28,32.8,NA,0.5,NA,1107.58,NA,NA,NA,NA,NA,NA,NA,NA,NA,NA
SJ5_2320_2120,1,7.18,22.96,NA,0.5,NA,1114.47,NA,NA,NA,NA,NA,NA,NA,NA,NA,NA
SJ5_2120_1930,1,34.88,88.56,NA,0.5,NA,6340.44,NA,NA,NA,NA,NA,NA,NA,NA,NA,NA
SJ6_1930_1970,1,15.81,29.52,NA,0.5,NA,3165.03,NA,NA,NA,NA,NA,NA,NA,NA,NA,NA
SJ6_1970_2130,1,20.71,39.36,NA,0.5,NA,4640.86,NA,NA,NA,NA,NA,NA,NA,NA,NA,NA
SL0_2721_2720,1,17.72,505.12,NA,0.5,NA,158.63,NA,NA,NA,NA,NA,NA,NA,NA,NA,NA
SL2_2750_2720,1,25.84,564.16,NA,0.5,NA,592.68,NA,NA,NA,NA,NA,NA,NA,NA,NA,NA
SL2_2410_2700,1,33.96,321.44,NA,0.5,NA,848.3,NA,NA,NA,NA,NA,NA,NA,NA,NA,NA
SL1_2390_2420,1,23.89,337.84,NA,0.5,NA,276.18,NA,NA,NA,NA,NA,NA,NA,NA,NA,NA
SL2_2300_2520,1,25.94,439.52,NA,0.5,NA,553.88,NA,NA,NA,NA,NA,NA,NA,NA,NA,NA
SL1_2190_2350,1,24.03,229.6,NA,0.5,NA,555.94,NA,NA,NA,NA,NA,NA,NA,NA,NA,NA
SL2_2200_2350,1,27.88,380.48,NA,0.5,NA,646.31,NA,NA,NA,NA,NA,NA,NA,NA,NA,NA
SL0_2831_2830,1,10,2,NA,0.5,NA,40000,NA,NA,NA,NA,NA,NA,NA,NA,NA,NA
SL3_2460_2430,1,75.46,678.96,NA,0.5,NA,4719.5,NA,NA,NA,NA,NA,NA,NA,NA,NA,NA
SL3_2350_2470,1,8.2,68.88,NA,0.5,NA,356.46,NA,NA,NA,NA,NA,NA,NA,NA,NA,NA
SL1_2770_2730,1,15.21,282.08,NA,0.5,NA,306.32,NA,NA,NA,NA,NA,NA,NA,NA,NA,NA
SL0_2180_2220,1,11.12,101.68,NA,0.5,NA,156.69,NA,NA,NA,NA,NA,NA,NA,NA,NA,NA
SL3_2470_2420,1,6.97,22.96,NA,0.5,NA,310.9,NA,NA,NA,NA,NA,NA,NA,NA,NA,NA
SL3_2420_2700,1,13.46,68.88,NA,0.5,NA,790.56,NA,NA,NA,NA,NA,NA,NA,NA,NA,NA
SL3_2400_2440,1,49.57,718.32,NA,0.5,NA,1283.82,NA,NA,NA,NA,NA,NA,NA,NA,NA,NA
SL1_2830_2760,1,6.83,75.44,NA,0.5,NA,97,NA,NA,NA,NA,NA,NA,NA,NA,NA,NA
SL1_2760_2730,1,9.65,52.48,NA,0.5,NA,153.18,NA,NA,NA,NA,NA,NA,NA,NA,NA,NA
SL1_2000_2090,1,23.16,121.36,NA,0.5,NA,325.6,NA,NA,NA,NA,NA,NA,NA,NA,NA,NA
SL1_2670_2370,1,13.32,711.76,NA,0.5,NA,101.93,NA,NA,NA,NA,NA,NA,NA,NA,NA,NA
SL3_2730_2550,1,2.3,16.4,NA,0.5,NA,75.45,NA,NA,NA,NA,NA,NA,NA,NA,NA,NA
SL3_2440_2380,1,3.48,21.32,NA,0.5,NA,113.86,NA,NA,NA,NA,NA,NA,NA,NA,NA,NA
SL0_2220_2140,1,3.83,16.4,NA,0.5,NA,44.28,NA,NA,NA,NA,NA,NA,NA,NA,NA,NA
SL2_1850_1990,1,12.24,150.88,NA,0.5,NA,194.86,NA,NA,NA,NA,NA,NA,NA,NA,NA,NA
SL3_2550_2490,1,14.51,129.56,NA,0.5,NA,566.2,NA,NA,NA,NA,NA,NA,NA,NA,NA,NA
SL2_2540_2370,1,31.82,685.52,NA,0.5,NA,476.58,NA,NA,NA,NA,NA,NA,NA,NA,NA,NA
SL3_2290_2260,1,43.44,501.84,NA,0.5,NA,1090.51,NA,NA,NA,NA,NA,NA,NA,NA,NA,NA
SL2_1990_2070,1,10.66,52.48,NA,0.5,NA,226.42,NA,NA,NA,NA,NA,NA,NA,NA,NA,NA
SL2_2070_2090,1,6.74,19.68,NA,0.5,NA,159.66,NA,NA,NA,NA,NA,NA,NA,NA,NA,NA
SL3_1960_2080,1,37.93,411.64,NA,0.5,NA,605.03,NA,NA,NA,NA,NA,NA,NA,NA,NA,NA
SL4_2370_2330,1,49.79,183.68,NA,0.5,NA,2309.45,NA,NA,NA,NA,NA,NA,NA,NA,NA,NA
SL4_2330_2270,1,15.32,60.68,NA,0.5,NA,778.12,NA,NA,NA,NA,NA,NA,NA,NA,NA,NA
SL4_2090_2100,1,8.41,39.36,NA,0.5,NA,301.55,NA,NA,NA,NA,NA,NA,NA,NA,NA,NA
SL4_2100_2140,1,5.49,36.08,NA,0.5,NA,205.99,NA,NA,NA,NA,NA,NA,NA,NA,NA,NA
SL3_2260_2050,1,13.61,95.12,NA,0.5,NA,390.3,NA,NA,NA,NA,NA,NA,NA,NA,NA,NA
SL2_1810_2030,1,39.83,537.92,NA,0.5,NA,835.98,NA,NA,NA,NA,NA,NA,NA,NA,NA,NA
SL2_1670_1880,1,50.92,798.68,NA,0.5,NA,1029.69,NA,NA,NA,NA,NA,NA,NA,NA,NA,NA
SL1_1790_1840,1,33.94,305.04,NA,0.5,NA,746.22,NA,NA,NA,NA,NA,NA,NA,NA,NA,NA
SL4_2140_2240,1,6.5,16.4,NA,0.5,NA,319.08,NA,NA,NA,NA,NA,NA,NA,NA,NA,NA
SL1_1730_1700,1,16.38,636.32,NA,0.5,NA,143.73,NA,NA,NA,NA,NA,NA,NA,NA,NA,NA
SL4_2240_2310,1,17.16,57.4,NA,0.5,NA,1163.16,NA,NA,NA,NA,NA,NA,NA,NA,NA,NA
SL3_1710_1740,1,58.46,1161.12,NA,0.5,NA,1999.88,NA,NA,NA,NA,NA,NA,NA,NA,NA,NA
SL3_1740_1840,1,19.07,91.84,NA,0.5,NA,769.74,NA,NA,NA,NA,NA,NA,NA,NA,NA,NA
SL1_1700_1780,1,19.45,186.96,NA,0.5,NA,352.38,NA,NA,NA,NA,NA,NA,NA,NA,NA,NA
SL3_1840_1880,1,1.57,14.76,NA,0.5,NA,85.94,NA,NA,NA,NA,NA,NA,NA,NA,NA,NA
SW1_1450_1510,1,7.85,229.6,NA,0.5,NA,65.82,NA,NA,NA,NA,NA,NA,NA,NA,NA,NA
SW1_1510_1680,1,17.95,75.44,NA,0.5,NA,277.82,NA,NA,NA,NA,NA,NA,NA,NA,NA,NA
SJ6_2130_2050,1,16.13,36.08,NA,0.5,NA,3751.67,NA,NA,NA,NA,NA,NA,NA,NA,NA,NA
SW7_1640_1680,1,3.95,3.28,NA,0.5,NA,1589.56,NA,NA,NA,NA,NA,NA,NA,NA,NA,NA
SW7_1680_1760,1,5.23,6.56,NA,0.5,NA,2136.16,NA,NA,NA,NA,NA,NA,NA,NA,NA,NA
SU8_1530_1760,1,13.04,18.04,NA,0.5,NA,7821.54,NA,NA,NA,NA,NA,NA,NA,NA,NA,NA
SL8_1760_1780,1,4,3.28,NA,0.5,NA,3520.12,NA,NA,NA,NA,NA,NA,NA,NA,NA,NA
SL8_1780_1880,1,8.46,11.48,NA,0.5,NA,7495.85,NA,NA,NA,NA,NA,NA,NA,NA,NA,NA
SL8_1880_2030,1,13.84,18.04,NA,0.5,NA,12707.46,NA,NA,NA,NA,NA,NA,NA,NA,NA,NA
SL8_2030_2080,1,8.21,14.76,NA,0.5,NA,7598.65,NA,NA,NA,NA,NA,NA,NA,NA,NA,NA
SL8_2080_2050,1,15.71,37.72,NA,0.5,NA,14681,NA,NA,NA,NA,NA,NA,NA,NA,NA,NA
SL9_2050_2270,1,14.74,41,NA,0.5,NA,15863.8,NA,NA,NA,NA,NA,NA,NA,NA,NA,NA
SL9_2270_2380,1,5.38,6.56,NA,0.5,NA,6337.86,NA,NA,NA,NA,NA,NA,NA,NA,NA,NA
SL9_2380_2310,1,11.13,9.84,NA,0.5,NA,13213.15,NA,NA,NA,NA,NA,NA,NA,NA,NA,NA
SL9_2310_2430,1,5.11,21.32,NA,0.5,NA,6191.26,NA,NA,NA,NA,NA,NA,NA,NA,NA,NA
SL9_2430_2490,1,7.11,14.76,NA,0.5,NA,8757.82,NA,NA,NA,NA,NA,NA,NA,NA,NA,NA
SL9_2490_2520,1,6.64,14.76,NA,0.5,NA,8252.82,NA,NA,NA,NA,NA,NA,NA,NA,NA,NA
SL9_2520_2700,1,10,2,NA,0.5,NA,8252.82,NA,NA,NA,NA,NA,NA,NA,NA,NA,NA
SL9_2700_2720,1,10,2,NA,0.5,NA,8252.82,NA,NA,NA,NA,NA,NA,NA,NA,NA,NA
SL9_2720_0001,1,10,2,NA,0.5,NA,321664,NA,NA,NA,NA,NA,NA,NA,NA,NA,NA
DE0_3791_0001,1,12.3,59.04,NA,0.5,NA,93.35,NA,NA,NA,NA,NA,NA,NA,NA,NA,NA
DE0_4141_0001,1,7.82,45.92,NA,0.5,NA,44.84,NA,NA,NA,NA,NA,NA,NA,NA,NA,NA
DE0_4231_0001,1,2.58,16.4,NA,0.5,NA,5.36,NA,NA,NA,NA,NA,NA,NA,NA,NA,NA
EL0_5400_0001,1,7.1,36.08,NA,0.5,NA,60.81,NA,NA,NA,NA,NA,NA,NA,NA,NA,NA
EL1_5150_0001,1,7.27,36.08,NA,0.5,NA,35.64,NA,NA,NA,NA,NA,NA,NA,NA,NA,NA
EL1_5570_0001,1,15.04,26.24,NA,0.5,NA,175.97,NA,NA,NA,NA,NA,NA,NA,NA,NA,NA
EL1_6000_0001,1,9.07,22.96,NA,0.5,NA,48.38,NA,NA,NA,NA,NA,NA,NA,NA,NA,NA
EL2_4400_4590,1,12.3,32.8,NA,0.5,NA,118.68,NA,NA,NA,NA,NA,NA,NA,NA,NA,NA
EL2_4590_0001,1,12.31,26.24,NA,0.5,NA,237.01,NA,NA,NA,NA,NA,NA,NA,NA,NA,NA
EL2_5110_5270,1,7.76,16.4,NA,0.5,NA,85.24,NA,NA,NA,NA,NA,NA,NA,NA,NA,NA
EL2_5270_0001,1,19.17,16.4,NA,0.5,NA,457.11,NA,NA,NA,NA,NA,NA,NA,NA,NA,NA
EM2_4100_0001,1,16.54,55.76,NA,0.5,NA,259.8,NA,NA,NA,NA,NA,NA,NA,NA,NA,NA
EU0_3830_0001,1,8.94,55.76,NA,0.5,NA,50.2,NA,NA,NA,NA,NA,NA,NA,NA,NA,NA
EU1_2650_0001,1,22.73,406.72,NA,0.5,NA,251.71,NA,NA,NA,NA,NA,NA,NA,NA,NA,NA
EU1_2810_0001,1,12.42,357.52,NA,0.5,NA,142.7,NA,NA,NA,NA,NA,NA,NA,NA,NA,NA
EU2_3520_0001,1,12.17,52.48,NA,0.5,NA,190.39,NA,NA,NA,NA,NA,NA,NA,NA,NA,NA
JA0_7291_7290,1,10,2,NA,0.5,NA,10701,NA,NA,NA,NA,NA,NA,NA,NA,NA,NA
JA2_7290_0001,1,30.87,190.24,NA,0.5,NA,876.16,NA,NA,NA,NA,NA,NA,NA,NA,NA,NA
JB0_7051_0001,1,10,2,NA,0.5,NA,23514,NA,NA,NA,NA,NA,NA,NA,NA,NA,NA
JB0_7052_0001,1,10,2,NA,0.5,NA,12473,NA,NA,NA,NA,NA,NA,NA,NA,NA,NA
JB1_8090_0001,1,10,2,NA,0.5,NA,1008,NA,NA,NA,NA,NA,NA,NA,NA,NA,NA
JB2_7800_0001,1,10,2,NA,0.5,NA,8488,NA,NA,NA,NA,NA,NA,NA,NA,NA,NA
JB3_7053_0001,1,10,2,NA,0.5,NA,6095,NA,NA,NA,NA,NA,NA,NA,NA,NA,NA
PL0_5141_5140,1,10,2,NA,0.5,NA,13000,NA,NA,NA,NA,NA,NA,NA,NA,NA,NA
PL2_4970_5250,1,31.55,236.16,NA,0.5,NA,938.18,NA,NA,NA,NA,NA,NA,NA,NA,NA,NA
PL0_5510_0001,1,10.4,98.4,NA,0.5,NA,96.45,NA,NA,NA,NA,NA,NA,NA,NA,NA,NA
PL0_5530_5710,1,5.88,82,NA,0.5,NA,22.59,NA,NA,NA,NA,NA,NA,NA,NA,NA,NA
PL0_5490_0001,1,9.23,236.16,NA,0.5,NA,62.86,NA,NA,NA,NA,NA,NA,NA,NA,NA,NA
PL0_5710_0001,1,2.15,39.36,NA,0.5,NA,9.97,NA,NA,NA,NA,NA,NA,NA,NA,NA,NA
PL0_5720_0001,1,5.99,72.16,NA,0.5,NA,27.88,NA,NA,NA,NA,NA,NA,NA,NA,NA,NA
PL0_5730_5690,1,10.29,124.64,NA,0.5,NA,81.9,NA,NA,NA,NA,NA,NA,NA,NA,NA,NA
PL0_5750_0001,1,6.8,78.72,NA,0.5,NA,36.23,NA,NA,NA,NA,NA,NA,NA,NA,NA,NA
PL0_5830_0001,1,6.18,52.48,NA,0.5,NA,44.35,NA,NA,NA,NA,NA,NA,NA,NA,NA,NA
PL1_4780_0001,1,9.17,147.6,NA,0.5,NA,134.74,NA,NA,NA,NA,NA,NA,NA,NA,NA,NA
PL1_5130_0001,1,13.81,186.96,NA,0.5,NA,146.67,NA,NA,NA,NA,NA,NA,NA,NA,NA,NA
PL1_5690_0001,1,2.69,101.68,NA,0.5,NA,30.82,NA,NA,NA,NA,NA,NA,NA,NA,NA,NA
PL1_5910_0001,1,5.48,82,NA,0.5,NA,35,NA,NA,NA,NA,NA,NA,NA,NA,NA,NA
PL2_5140_5360,1,15.99,85.28,NA,0.5,NA,365.95,NA,NA,NA,NA,NA,NA,NA,NA,NA,NA
PL2_5470_5360,1,16.84,62.32,NA,0.5,NA,503.73,NA,NA,NA,NA,NA,NA,NA,NA,NA,NA
PL2_5300_5630,1,15.79,147.6,NA,0.5,NA,218.56,NA,NA,NA,NA,NA,NA,NA,NA,NA,NA
PL3_5360_5250,1,12.9,26.24,NA,0.5,NA,616.89,NA,NA,NA,NA,NA,NA,NA,NA,NA,NA
PL2_5630_0001,1,3.76,19.68,NA,0.5,NA,55.24,NA,NA,NA,NA,NA,NA,NA,NA,NA,NA
PL3_5250_0001,1,10,2,NA,0.5,NA,12175,NA,NA,NA,NA,NA,NA,NA,NA,NA,NA
RL0_6540_0001,1,7.52,39.36,NA,0.5,NA,51.94,NA,NA,NA,NA,NA,NA,NA,NA,NA,NA
RL1_6180_0001,1,9.14,52.48,NA,0.5,NA,86.33,NA,NA,NA,NA,NA,NA,NA,NA,NA,NA
SL2_2480_0001,1,42.81,560.88,NA,0.5,NA,1350.19,NA,NA,NA,NA,NA,NA,NA,NA,NA,NA
SL2_2910_3060,1,23.26,518.24,NA,0.5,NA,398.14,NA,NA,NA,NA,NA,NA,NA,NA,NA,NA
SL2_3060_0001,1,22.05,249.28,NA,0.5,NA,593.99,NA,NA,NA,NA,NA,NA,NA,NA,NA,NA
WM0_3650_0001,1,5.36,242.72,NA,0.5,NA,63.58,NA,NA,NA,NA,NA,NA,NA,NA,NA,NA
WM0_3740_0001,1,9.89,275.52,NA,0.5,NA,72.07,NA,NA,NA,NA,NA,NA,NA,NA,NA,NA
WM1_3910_0001,1,12.22,354.24,NA,0.5,NA,157.87,NA,NA,NA,NA,NA,NA,NA,NA,NA,NA
WM3_4060_0001,1,18.71,265.68,NA,0.5,NA,904.45,NA,NA,NA,NA,NA,NA,NA,NA,NA,NA
WU0_3250_0001,1,13.63,442.8,NA,0.5,NA,83.1,NA,NA,NA,NA,NA,NA,NA,NA,NA,NA
WU0_3670_0001,1,6.4,190.24,NA,0.5,NA,30.99,NA,NA,NA,NA,NA,NA,NA,NA,NA,NA
WU1_3240_3331,1,13.3,390.32,NA,0.5,NA,106.95,NA,NA,NA,NA,NA,NA,NA,NA,NA,NA
WU1_3331_3330,1,4.46,147.6,NA,0.5,NA,14.23,NA,NA,NA,NA,NA,NA,NA,NA,NA,NA
WU1_3330_0001,1,6.51,78.72,NA,0.5,NA,77.6,NA,NA,NA,NA,NA,NA,NA,NA,NA,NA
WU1_3350_3490,1,14.98,311.6,NA,0.5,NA,181.31,NA,NA,NA,NA,NA,NA,NA,NA,NA,NA
WU1_3482_0001,1,24.17,485.44,NA,0.5,NA,286.91,NA,NA,NA,NA,NA,NA,NA,NA,NA,NA
WU1_3490_3480,1,4.08,65.6,NA,0.5,NA,64.88,NA,NA,NA,NA,NA,NA,NA,NA,NA,NA
WU2_3320_3480,1,4.76,42.64,NA,0.5,NA,137.52,NA,NA,NA,NA,NA,NA,NA,NA,NA,NA
WU3_3480_3481,1,10,2,NA,0.5,NA,75558,NA,NA,NA,NA,NA,NA,NA,NA,NA,NA
WU3_3481_0001,1,13.37,170.56,NA,0.5,NA,1803.68,NA,NA,NA,NA,NA,NA,NA,NA,NA,NA
YL2_6580_0001,1,29.03,104.96,NA,0.5,NA,578.99,NA,NA,NA,NA,NA,NA,NA,NA,NA,NA
YP0_6860_6840,1,11.87,104.96,NA,0.5,NA,77.43,NA,NA,NA,NA,NA,NA,NA,NA,NA,NA
YP0_6840_0001,1,4.21,36.08,NA,0.5,NA,30.84,NA,NA,NA,NA,NA,NA,NA,NA,NA,NA
PL0_5000_0001,1,8.73,246,NA,0.5,NA,69.87,NA,NA,NA,NA,NA,NA,NA,NA,NA,NA
PL0_4510_0001,1,19.54,357.52,NA,0.5,NA,204.34,NA,NA,NA,NA,NA,NA,NA,NA,NA,NA
JB3_6820_7053,1,36.82,160.72,NA,0.5,NA,1058.19,NA,NA,NA,NA,NA,NA,NA,NA,NA,NA
EM2_3980_0001,1,16.81,45.92,NA,0.5,NA,293.05,NA,NA,NA,NA,NA,NA,NA,NA,NA,NA
EL1_5430_0001,1,11.25,26.24,NA,0.5,NA,107.44,NA,NA,NA,NA,NA,NA,NA,NA,NA,NA
EL0_4560_4562,1,9.49,29.52,NA,0.5,NA,84.4,NA,NA,NA,NA,NA,NA,NA,NA,NA,NA
EL0_4561_4562,1,6.32,19.68,NA,0.5,NA,46.26,NA,NA,NA,NA,NA,NA,NA,NA,NA,NA
EL0_4562_0001,1,3.45,19.68,NA,0.5,NA,47.93,NA,NA,NA,NA,NA,NA,NA,NA,NA,NA
WU0_3021_3020,1,10,2,NA,0.5,NA,17054,NA,NA,NA,NA,NA,NA,NA,NA,NA,NA
WU2_3020_3320,1,12.52,216.48,NA,0.5,NA,320.04,NA,NA,NA,NA,NA,NA,NA,NA,NA,NA
WM0_3881_3880,1,10,2,NA,0.5,NA,133724,NA,NA,NA,NA,NA,NA,NA,NA,NA,NA
WM1_3882_3880,1,21.4,403.44,NA,0.5,NA,340.76,NA,NA,NA,NA,NA,NA,NA,NA,NA,NA
WM3_3880_4060,1,9.58,52.48,NA,0.5,NA,381.02,NA,NA,NA,NA,NA,NA,NA,NA,NA,NA
WM1_3660_3910,1,9.91,160.72,NA,0.5,NA,75.34,NA,NA,NA,NA,NA,NA,NA,NA,NA,NA
PL1_5370_5470,1,20.76,396.88,NA,0.5,NA,352.17,NA,NA,NA,NA,NA,NA,NA,NA,NA,NA
PL1_5230_0001,1,18.11,157.44,NA,0.5,NA,197.3,NA,NA,NA,NA,NA,NA,NA,NA,NA,NA
PL1_4540_0001,1,15.87,364.08,NA,0.5,NA,210.5,NA,NA,NA,NA,NA,NA,NA,NA,NA,NA
PL1_4460_4780,1,22.32,291.92,NA,0.5,NA,278.69,NA,NA,NA,NA,NA,NA,NA,NA,NA,NA
PL0_5540_5490,1,2.96,45.92,NA,0.5,NA,8.64,NA,NA,NA,NA,NA,NA,NA,NA,NA,NA
PL0_5070_0001,1,14.51,216.48,NA,0.5,NA,125.41,NA,NA,NA,NA,NA,NA,NA,NA,NA,NA
PL0_5010_5130,1,8,114.8,NA,0.5,NA,48.12,NA,NA,NA,NA,NA,NA,NA,NA,NA,NA
XL1_4690_0001,1,18.77,114.8,NA,0.5,NA,286.15,NA,NA,NA,NA,NA,NA,NA,NA,NA,NA
XL0_5320_0001,1,2.42,22.96,NA,0.5,NA,8.2,NA,NA,NA,NA,NA,NA,NA,NA,NA,NA
JL1_7170_6800,1,18.82,183.68,NA,0.5,NA,286.23,NA,NA,NA,NA,NA,NA,NA,NA,NA,NA
JL3_7020_7100,1,51.11,413.28,NA,0.5,NA,1996.9,NA,NA,NA,NA,NA,NA,NA,NA,NA,NA
JL2_6240_6520,1,24.92,587.12,NA,0.5,NA,689.24,NA,NA,NA,NA,NA,NA,NA,NA,NA,NA
JL2_7110_7120,1,37.54,354.24,NA,0.5,NA,1252.72,NA,NA,NA,NA,NA,NA,NA,NA,NA,NA
JL1_6560_6440,1,17.01,249.28,NA,0.5,NA,293.16,NA,NA,NA,NA,NA,NA,NA,NA,NA,NA
JL1_6760_6910,1,25.37,567.44,NA,0.5,NA,506.72,NA,NA,NA,NA,NA,NA,NA,NA,NA,NA
JL2_7120_6970,1,3.25,108.24,NA,0.5,NA,115.32,NA,NA,NA,NA,NA,NA,NA,NA,NA,NA
JL2_6440_6441,1,8.29,32.8,NA,0.5,NA,245.98,NA,NA,NA,NA,NA,NA,NA,NA,NA,NA
JL2_6441_6520,1,10,2,NA,0.5,NA,5480,NA,NA,NA,NA,NA,NA,NA,NA,NA,NA
JL1_6770_6850,1,12.77,482.16,NA,0.5,NA,216.12,NA,NA,NA,NA,NA,NA,NA,NA,NA,NA
JL1_6910_6960,1,8.86,124.64,NA,0.5,NA,202.46,NA,NA,NA,NA,NA,NA,NA,NA,NA,NA
JL1_7080_7190,1,16.59,1951.6,NA,0.5,NA,130.41,NA,NA,NA,NA,NA,NA,NA,NA,NA,NA
JL4_6520_6710,1,26.83,52.48,NA,0.5,NA,2115.97,NA,NA,NA,NA,NA,NA,NA,NA,NA,NA
JL2_6850_6890,1,24.09,285.36,NA,0.5,NA,860.62,NA,NA,NA,NA,NA,NA,NA,NA,NA,NA
JL1_7530_7430,1,16.87,305.04,NA,0.5,NA,201.06,NA,NA,NA,NA,NA,NA,NA,NA,NA,NA
JL4_6710_6740,1,14,95.12,NA,0.5,NA,1186.6,NA,NA,NA,NA,NA,NA,NA,NA,NA,NA
JL2_7240_7350,1,32.83,2302.56,NA,0.5,NA,783.13,NA,NA,NA,NA,NA,NA,NA,NA,NA,NA
JL1_6940_7200,1,23.25,1945.04,NA,0.5,NA,310.89,NA,NA,NA,NA,NA,NA,NA,NA,NA,NA
JU2_7180_7380,1,23.27,1164.4,NA,0.5,NA,414.34,NA,NA,NA,NA,NA,NA,NA,NA,NA,NA
JL1_7190_7250,1,5.98,13.12,NA,0.5,NA,64.46,NA,NA,NA,NA,NA,NA,NA,NA,NA,NA
JL2_7350_7090,1,2.3,19.68,NA,0.5,NA,57.04,NA,NA,NA,NA,NA,NA,NA,NA,NA,NA
JL1_7200_7250,1,4.19,52.48,NA,0.5,NA,62.13,NA,NA,NA,NA,NA,NA,NA,NA,NA,NA
JU1_7750_7560,1,17.85,534.64,NA,0.5,NA,108.54,NA,NA,NA,NA,NA,NA,NA,NA,NA,NA
JU1_6880_7260,1,27.63,1439.92,NA,0.5,NA,447.46,NA,NA,NA,NA,NA,NA,NA,NA,NA,NA
JL2_7250_7090,1,7.74,137.76,NA,0.5,NA,233.85,NA,NA,NA,NA,NA,NA,NA,NA,NA,NA
JL3_7090_7150,1,7.89,85.28,NA,0.5,NA,420.65,NA,NA,NA,NA,NA,NA,NA,NA,NA,NA
JU2_6410_6640,1,39.83,1462.88,NA,0.5,NA,739.74,NA,NA,NA,NA,NA,NA,NA,NA,NA,NA
JU1_7630_7490,1,32.47,1233.28,NA,0.5,NA,476.33,NA,NA,NA,NA,NA,NA,NA,NA,NA,NA
JU3_6640_6790,1,10.33,318.16,NA,0.5,NA,374.54,NA,NA,NA,NA,NA,NA,NA,NA,NA,NA
JU3_6790_7260,1,22.78,232.88,NA,0.5,NA,1199.11,NA,NA,NA,NA,NA,NA,NA,NA,NA,NA
JU1_7560_7500,1,23.85,423.12,NA,0.5,NA,378.02,NA,NA,NA,NA,NA,NA,NA,NA,NA,NA
JU1_6300_6650,1,25.26,970.88,NA,0.5,NA,385.87,NA,NA,NA,NA,NA,NA,NA,NA,NA,NA
JU4_7260_7380,1,12.37,137.76,NA,0.5,NA,805.87,NA,NA,NA,NA,NA,NA,NA,NA,NA,NA
JU1_7690_7490,1,31.17,793.76,NA,0.5,NA,481.99,NA,NA,NA,NA,NA,NA,NA,NA,NA,NA
JU2_7450_7360,1,42.12,1125.04,NA,0.5,NA,843.55,NA,NA,NA,NA,NA,NA,NA,NA,NA,NA
JU1_6340_6650,1,19.86,633.04,NA,0.5,NA,226.28,NA,NA,NA,NA,NA,NA,NA,NA,NA,NA
JU4_7380_7160,1,5.07,59.04,NA,0.5,NA,385.12,NA,NA,NA,NA,NA,NA,NA,NA,NA,NA
JU3_7490_7400,1,34.8,249.28,NA,0.5,NA,1261.54,NA,NA,NA,NA,NA,NA,NA,NA,NA,NA
JU3_7400_7510,1,12.64,45.92,NA,0.5,NA,504.79,NA,NA,NA,NA,NA,NA,NA,NA,NA,NA
JU3_6650_7300,1,59.08,583.84,NA,0.5,NA,2809.7,NA,NA,NA,NA,NA,NA,NA,NA,NA,NA
JU2_7140_7330,1,33.04,1000.4,NA,0.5,NA,704.67,NA,NA,NA,NA,NA,NA,NA,NA,NA,NA
JU2_7360_7000,1,6.45,101.68,NA,0.5,NA,142.19,NA,NA,NA,NA,NA,NA,NA,NA,NA,NA
JU1_6290_6590,1,20.74,1006.96,NA,0.5,NA,196.66,NA,NA,NA,NA,NA,NA,NA,NA,NA,NA
JU3_6380_6900,1,41.14,1088.96,NA,0.5,NA,835.87,NA,NA,NA,NA,NA,NA,NA,NA,NA,NA
JU1_6590_6600,1,5.64,216.48,NA,0.5,NA,65.15,NA,NA,NA,NA,NA,NA,NA,NA,NA,NA
JU2_6600_6810,1,12.18,232.88,NA,0.5,NA,217.12,NA,NA,NA,NA,NA,NA,NA,NA,NA,NA
JU2_6810_6900,1,5.13,75.44,NA,0.5,NA,95.23,NA,NA,NA,NA,NA,NA,NA,NA,NA,NA
JU3_6900_6950,1,10,2,NA,0.5,NA,108995,NA,NA,NA,NA,NA,NA,NA,NA,NA,NA
JU3_6950_7330,1,17.56,164,NA,0.5,NA,805.68,NA,NA,NA,NA,NA,NA,NA,NA,NA,NA
JU4_7330_7000,1,4.91,62.32,NA,0.5,NA,294.37,NA,NA,NA,NA,NA,NA,NA,NA,NA,NA
JU4_7000_7300,1,17.85,164,NA,0.5,NA,1440.43,NA,NA,NA,NA,NA,NA,NA,NA,NA,NA
JU5_7300_7510,1,16.34,78.72,NA,0.5,NA,1921.72,NA,NA,NA,NA,NA,NA,NA,NA,NA,NA
JU5_7510_7500,1,5.52,68.88,NA,0.5,NA,784.71,NA,NA,NA,NA,NA,NA,NA,NA,NA,NA
JU5_7500_7420,1,18.66,65.6,NA,0.5,NA,2906.47,NA,NA,NA,NA,NA,NA,NA,NA,NA,NA
JU5_7420_7160,1,24.56,134.48,NA,0.5,NA,4031.6,NA,NA,NA,NA,NA,NA,NA,NA,NA,NA
JL6_7160_7440,1,17.48,101.68,NA,0.5,NA,4464.19,NA,NA,NA,NA,NA,NA,NA,NA,NA,NA
JL6_7440_7430,1,39.15,177.12,NA,0.5,NA,10721.88,NA,NA,NA,NA,NA,NA,NA,NA,NA,NA
JL6_7430_7320,1,7.05,19.68,NA,0.5,NA,1976.28,NA,NA,NA,NA,NA,NA,NA,NA,NA,NA
JL6_7320_7150,1,10.78,49.2,NA,0.5,NA,3065.6,NA,NA,NA,NA,NA,NA,NA,NA,NA,NA
JL6_7150_6890,1,20.17,36.08,NA,0.5,NA,6301.81,NA,NA,NA,NA,NA,NA,NA,NA,NA,NA
JL6_6890_6990,1,13.13,29.52,NA,0.5,NA,4352.33,NA,NA,NA,NA,NA,NA,NA,NA,NA,NA
JL6_6990_6960,1,7.75,36.08,NA,0.5,NA,2577.58,NA,NA,NA,NA,NA,NA,NA,NA,NA,NA
JL6_6960_6970,1,5.2,32.8,NA,0.5,NA,1777.13,NA,NA,NA,NA,NA,NA,NA,NA,NA,NA
JL6_6970_6740,1,13.54,22.96,NA,0.5,NA,4852.13,NA,NA,NA,NA,NA,NA,NA,NA,NA,NA
JL6_6740_7100,1,8.47,13.12,NA,0.5,NA,3436.9,NA,NA,NA,NA,NA,NA,NA,NA,NA,NA
JL7_7100_7030,1,2,3.28,NA,0.5,NA,840.23,NA,NA,NA,NA,NA,NA,NA,NA,NA,NA
JL7_7030_6800,1,8.21,9.84,NA,0.5,NA,3474.75,NA,NA,NA,NA,NA,NA,NA,NA,NA,NA
JL7_6800_7070,1,36.43,45.92,NA,0.5,NA,16233.48,NA,NA,NA,NA,NA,NA,NA,NA,NA,NA
JL7_7070_0001,1,8.85,91.84,NA,0.5,NA,3959.11,NA,NA,NA,NA,NA,NA,NA,NA,NA,NA
PM0_4640_4820,1,9.27,252.56,NA,0.5,NA,58.78,NA,NA,NA,NA,NA,NA,NA,NA,NA,NA
PM1_4250_4500,1,18.76,285.36,NA,0.5,NA,340.39,NA,NA,NA,NA,NA,NA,NA,NA,NA,NA
PM2_4860_4670,1,21.19,416.56,NA,0.5,NA,348.68,NA,NA,NA,NA,NA,NA,NA,NA,NA,NA
PM1_4500_4580,1,5.73,36.08,NA,0.5,NA,124.68,NA,NA,NA,NA,NA,NA,NA,NA,NA,NA
PM1_3710_4040,1,20.16,410,NA,0.5,NA,330.17,NA,NA,NA,NA,NA,NA,NA,NA,NA,NA
PM3_4670_4660,1,17.72,141.04,NA,0.5,NA,791.97,NA,NA,NA,NA,NA,NA,NA,NA,NA,NA
PM1_4430_4200,1,28.32,467.4,NA,0.5,NA,477.37,NA,NA,NA,NA,NA,NA,NA,NA,NA,NA
PM1_3120_3400,1,27.57,360.8,NA,0.5,NA,522.29,NA,NA,NA,NA,NA,NA,NA,NA,NA,NA
PM3_4660_4620,1,11.95,67.24,NA,0.5,NA,599.59,NA,NA,NA,NA,NA,NA,NA,NA,NA,NA
PM2_2860_3040,1,31.83,675.68,NA,0.5,NA,863.54,NA,NA,NA,NA,NA,NA,NA,NA,NA,NA
PM1_3510_4000,1,19.79,856.08,NA,0.5,NA,261.65,NA,NA,NA,NA,NA,NA,NA,NA,NA,NA
PS1_4790_4830,1,25.44,941.36,NA,0.5,NA,365.56,NA,NA,NA,NA,NA,NA,NA,NA,NA,NA
PM1_3450_3400,1,18.91,219.76,NA,0.5,NA,294.59,NA,NA,NA,NA,NA,NA,NA,NA,NA,NA
PM1_4000_4290,1,15.46,180.4,NA,0.5,NA,253.22,NA,NA,NA,NA,NA,NA,NA,NA,NA,NA
PU0_3000_3090,1,15.03,777.36,NA,0.5,NA,201.74,NA,NA,NA,NA,NA,NA,NA,NA,NA,NA
PM2_3400_3340,1,1.6,3.28,NA,0.5,NA,47.26,NA,NA,NA,NA,NA,NA,NA,NA,NA,NA
PM3_3040_3340,1,9.58,9.84,NA,0.5,NA,415.31,NA,NA,NA,NA,NA,NA,NA,NA,NA,NA
PS2_6730_6660,1,24.55,380.48,NA,0.5,NA,419.92,NA,NA,NA,NA,NA,NA,NA,NA,NA,NA
PU0_3751_3752,1,9.48,262.4,NA,0.5,NA,39.28,NA,NA,NA,NA,NA,NA,NA,NA,NA,NA
PU2_3090_4050,1,34.32,229.6,NA,0.5,NA,1095.74,NA,NA,NA,NA,NA,NA,NA,NA,NA,NA
PM4_3340_3341,1,16.93,108.24,NA,0.5,NA,1533.33,NA,NA,NA,NA,NA,NA,NA,NA,NA,NA
PM4_3341_4040,1,5.84,16.4,NA,0.5,NA,923.26,NA,NA,NA,NA,NA,NA,NA,NA,NA,NA
PM4_4040_4410,1,18.22,44.28,NA,0.5,NA,1845.6,NA,NA,NA,NA,NA,NA,NA,NA,NA,NA
PS2_5550_5560,1,23.48,1069.28,NA,0.5,NA,595.26,NA,NA,NA,NA,NA,NA,NA,NA,NA,NA
PS1_4830_5080,1,11.54,223.04,NA,0.5,NA,233.45,NA,NA,NA,NA,NA,NA,NA,NA,NA,NA
PU2_4730_4220,1,17.3,226.32,NA,0.5,NA,160.06,NA,NA,NA,NA,NA,NA,NA,NA,NA,NA
PU2_4050_4180,1,4.99,55.76,NA,0.5,NA,164.07,NA,NA,NA,NA,NA,NA,NA,NA,NA,NA
PS0_6150_6160,1,4.1,91.84,NA,0.5,NA,10.34,NA,NA,NA,NA,NA,NA,NA,NA,NA,NA
PS2_5560_5100,1,23.79,209.92,NA,0.5,NA,1216.4,NA,NA,NA,NA,NA,NA,NA,NA,NA,NA
PS3_5100_5080,1,62.51,354.24,NA,0.5,NA,4453.13,NA,NA,NA,NA,NA,NA,NA,NA,NA,NA
PU2_2790_3290,1,51.21,879.04,NA,0.5,NA,1634.81,NA,NA,NA,NA,NA,NA,NA,NA,NA,NA
PU2_4220_3900,1,27.3,111.52,NA,0.5,NA,864.85,NA,NA,NA,NA,NA,NA,NA,NA,NA,NA
PU0_3601_3602,1,9.18,324.72,NA,0.5,NA,33.8,NA,NA,NA,NA,NA,NA,NA,NA,NA,NA
PS2_6660_6490,1,5.17,39.36,NA,0.5,NA,99.8,NA,NA,NA,NA,NA,NA,NA,NA,NA,NA
PS4_5080_4380,1,8.98,49.2,NA,0.5,NA,805.76,NA,NA,NA,NA,NA,NA,NA,NA,NA,NA
PS3_6460_6230,1,66.55,783.92,NA,0.5,NA,2668.13,NA,NA,NA,NA,NA,NA,NA,NA,NA,NA
PU3_2510_3290,1,42.83,357.52,NA,0.5,NA,1042.05,NA,NA,NA,NA,NA,NA,NA,NA,NA,NA
PU2_3900_3750,1,10.05,72.16,NA,0.5,NA,377.28,NA,NA,NA,NA,NA,NA,NA,NA,NA,NA
PS3_5990_6161,1,33.77,1741.68,NA,0.5,NA,1205.63,NA,NA,NA,NA,NA,NA,NA,NA,NA,NA
PS2_6490_6420,1,12.84,121.36,NA,0.5,NA,329.05,NA,NA,NA,NA,NA,NA,NA,NA,NA,NA
PU2_3770_3600,1,54.96,733.08,NA,0.5,NA,1722.97,NA,NA,NA,NA,NA,NA,NA,NA,NA,NA
PU2_2840_3080,1,45.6,593.68,NA,0.5,NA,928.49,NA,NA,NA,NA,NA,NA,NA,NA,NA,NA
PU3_3290_3390,1,9.57,39.36,NA,0.5,NA,484.64,NA,NA,NA,NA,NA,NA,NA,NA,NA,NA
PS0_6160_6161,1,8.26,114.8,NA,0.5,NA,61.23,NA,NA,NA,NA,NA,NA,NA,NA,NA,NA
PS2_6420_6360,1,8.08,101.68,NA,0.5,NA,224.17,NA,NA,NA,NA,NA,NA,NA,NA,NA,NA
PU3_3390_3730,1,15.79,67.24,NA,0.5,NA,881.87,NA,NA,NA,NA,NA,NA,NA,NA,NA,NA
PU2_3630_3590,1,39.11,605.16,NA,0.5,NA,740.81,NA,NA,NA,NA,NA,NA,NA,NA,NA,NA
PU2_3080_3640,1,9.42,68.88,NA,0.5,NA,241.9,NA,NA,NA,NA,NA,NA,NA,NA,NA,NA
PU1_3030_3440,1,25.78,390.32,NA,0.5,NA,404.48,NA,NA,NA,NA,NA,NA,NA,NA,NA,NA
PS3_6161_6280,1,2.23,13.12,NA,0.5,NA,89.74,NA,NA,NA,NA,NA,NA,NA,NA,NA,NA
PS3_6280_6230,1,8.83,59.04,NA,0.5,NA,388.04,NA,NA,NA,NA,NA,NA,NA,NA,NA,NA
PS4_6230_6360,1,4.98,19.68,NA,0.5,NA,371.61,NA,NA,NA,NA,NA,NA,NA,NA,NA,NA
PU0_3611_3530,1,5.76,196.8,NA,0.5,NA,27.52,NA,NA,NA,NA,NA,NA,NA,NA,NA,NA
PU2_4340_3860,1,52.35,1200.48,NA,0.5,NA,1309.53,NA,NA,NA,NA,NA,NA,NA,NA,NA,NA
PU0_3871_3690,1,16.57,498.56,NA,0.5,NA,160.89,NA,NA,NA,NA,NA,NA,NA,NA,NA,NA
PU3_4280_3860,1,75.02,1400.56,NA,0.5,NA,3262.96,NA,NA,NA,NA,NA,NA,NA,NA,NA,NA
PS4_6360_5840,1,4.29,19.68,NA,0.5,NA,397.18,NA,NA,NA,NA,NA,NA,NA,NA,NA,NA
PS4_5840_5240,1,46.87,272.24,NA,0.5,NA,5262.92,NA,NA,NA,NA,NA,NA,NA,NA,NA,NA
PU3_3860_3610,1,37.95,255.84,NA,0.5,NA,2446.6,NA,NA,NA,NA,NA,NA,NA,NA,NA,NA
PU1_3100_3690,1,28.27,656,NA,0.5,NA,413.99,NA,NA,NA,NA,NA,NA,NA,NA,NA,NA
PS5_5240_5200,1,54.05,285.36,NA,0.5,NA,6970.16,NA,NA,NA,NA,NA,NA,NA,NA,NA,NA
PS5_5200_4380,1,3.98,13.12,NA,0.5,NA,522.93,NA,NA,NA,NA,NA,NA,NA,NA,NA,NA
PS5_4380_4370,1,56.87,164,NA,0.5,NA,11992.96,NA,NA,NA,NA,NA,NA,NA,NA,NA,NA
PU2_3180_3370,1,17.1,400.16,NA,0.5,NA,175.34,NA,NA,NA,NA,NA,NA,NA,NA,NA,NA
PU2_6050_5190,1,13.39,334.56,NA,0.5,NA,207.79,NA,NA,NA,NA,NA,NA,NA,NA,NA,NA
PU2_3370_4020,1,27.59,298.48,NA,0.5,NA,557.69,NA,NA,NA,NA,NA,NA,NA,NA,NA,NA
PS5_4370_4150,1,5.29,37.72,NA,0.5,NA,1121.44,NA,NA,NA,NA,NA,NA,NA,NA,NA,NA
PU2_4360_4160,1,35.85,482.16,NA,0.5,NA,939.63,NA,NA,NA,NA,NA,NA,NA,NA,NA,NA
PU0_6080_5620,1,18.33,856.08,NA,0.5,NA,411.48,NA,NA,NA,NA,NA,NA,NA,NA,NA,NA
PU1_3170_3580,1,17.57,514.96,NA,0.5,NA,154.55,NA,NA,NA,NA,NA,NA,NA,NA,NA,NA
PU2_4160_3930,1,13.32,111.52,NA,0.5,NA,427.2,NA,NA,NA,NA,NA,NA,NA,NA,NA,NA
PU2_5190_4310,1,46.13,767.52,NA,0.5,NA,1508.76,NA,NA,NA,NA,NA,NA,NA,NA,NA,NA
PU1_5520_5210,1,20.94,2174.64,NA,0.5,NA,218.52,NA,NA,NA,NA,NA,NA,NA,NA,NA,NA
PU2_3140_3680,1,35.93,1587.52,NA,0.5,NA,972.27,NA,NA,NA,NA,NA,NA,NA,NA,NA,NA
PU1_3580_3780,1,10.79,186.96,NA,0.5,NA,145.97,NA,NA,NA,NA,NA,NA,NA,NA,NA,NA
PU1_3940_3970,1,19.66,1111.92,NA,0.5,NA,264.55,NA,NA,NA,NA,NA,NA,NA,NA,NA,NA
PU1_5820_5380,1,11.94,1141.44,NA,0.5,NA,47.3,NA,NA,NA,NA,NA,NA,NA,NA,NA,NA
PU0_5620_5380,1,16.26,288.64,NA,0.5,NA,500.53,NA,NA,NA,NA,NA,NA,NA,NA,NA,NA
PU2_5700_5210,1,35.13,1538.32,NA,0.5,NA,760.09,NA,NA,NA,NA,NA,NA,NA,NA,NA,NA
PU3_3680_3890,1,4.64,78.72,NA,0.5,NA,156.17,NA,NA,NA,NA,NA,NA,NA,NA,NA,NA
PU1_3850_4190,1,15.6,984,NA,0.5,NA,152.01,NA,NA,NA,NA,NA,NA,NA,NA,NA,NA
PU3_5210_5050,1,21.19,511.68,NA,0.5,NA,746.04,NA,NA,NA,NA,NA,NA,NA,NA,NA,NA
PU1_5380_5050,1,21.63,406.72,NA,0.5,NA,790.73,NA,NA,NA,NA,NA,NA,NA,NA,NA,NA
PU4_5050_4310,1,18.54,223.04,NA,0.5,NA,1490.8,NA,NA,NA,NA,NA,NA,NA,NA,NA,NA
PU4_4310_4210,1,49.89,216.48,NA,0.5,NA,5887.98,NA,NA,NA,NA,NA,NA,NA,NA,NA,NA
PU1_4840_4760,1,10,2,NA,0.5,NA,15380,NA,NA,NA,NA,NA,NA,NA,NA,NA,NA
PU1_4190_4300,1,10,2,NA,0.5,NA,2923,NA,NA,NA,NA,NA,NA,NA,NA,NA,NA
PU4_4210_4170,1,13.98,65.6,NA,0.5,NA,1667.18,NA,NA,NA,NA,NA,NA,NA,NA,NA,NA
PU2_4720_4750,1,15.9,419.84,NA,0.5,NA,210.64,NA,NA,NA,NA,NA,NA,NA,NA,NA,NA
PU1_4760_4450,1,6.89,459.2,NA,0.5,NA,77.57,NA,NA,NA,NA,NA,NA,NA,NA,NA,NA
PU1_4300_4440,1,5.14,459.2,NA,0.5,NA,96.04,NA,NA,NA,NA,NA,NA,NA,NA,NA,NA
PU2_4750_4450,1,3.99,180.4,NA,0.5,NA,59.27,NA,NA,NA,NA,NA,NA,NA,NA,NA,NA
PU3_4450_4440,1,10,2,NA,0.5,NA,44389,NA,NA,NA,NA,NA,NA,NA,NA,NA,NA
PU4_4440_3970,1,2.03,59.04,NA,0.5,NA,97.48,NA,NA,NA,NA,NA,NA,NA,NA,NA,NA
PU4_3970_3890,1,33.13,285.36,NA,0.5,NA,2180.98,NA,NA,NA,NA,NA,NA,NA,NA,NA,NA
PU4_3890_3990,1,2.28,9.84,NA,0.5,NA,179.19,NA,NA,NA,NA,NA,NA,NA,NA,NA,NA
PU4_3990_3780,1,2.04,9.84,NA,0.5,NA,160.75,NA,NA,NA,NA,NA,NA,NA,NA,NA,NA
PU4_3780_3930,1,10.49,39.36,NA,0.5,NA,915.09,NA,NA,NA,NA,NA,NA,NA,NA,NA,NA
PU5_3930_4170,1,10.1,36.08,NA,0.5,NA,1115.01,NA,NA,NA,NA,NA,NA,NA,NA,NA,NA
PU5_4170_4020,1,3.66,16.4,NA,0.5,NA,729.24,NA,NA,NA,NA,NA,NA,NA,NA,NA,NA
PU6_4020_3870,1,6.08,22.96,NA,0.5,NA,1307.53,NA,NA,NA,NA,NA,NA,NA,NA,NA,NA
PU6_3870_3690,1,25.34,59.04,NA,0.5,NA,18863,NA,NA,NA,NA,NA,NA,NA,NA,NA,NA
PU6_3690_3610,1,3.85,9.84,NA,0.5,NA,877.27,NA,NA,NA,NA,NA,NA,NA,NA,NA,NA
PU6_3610_3530,1,10.85,22.96,NA,0.5,NA,8462.75,NA,NA,NA,NA,NA,NA,NA,NA,NA,NA
PU6_3530_3440,1,1.59,3.28,NA,0.5,NA,424.95,NA,NA,NA,NA,NA,NA,NA,NA,NA,NA
PU6_3440_3590,1,5.66,8.2,NA,0.5,NA,1551.32,NA,NA,NA,NA,NA,NA,NA,NA,NA,NA
PU6_3590_3640,1,2.62,4.92,NA,0.5,NA,737.89,NA,NA,NA,NA,NA,NA,NA,NA,NA,NA
PU6_3640_3600,1,5.58,8.2,NA,0.5,NA,1638.43,NA,NA,NA,NA,NA,NA,NA,NA,NA,NA
PU6_3600_3602,1,9.89,21.32,NA,0.5,NA,8108.29,NA,NA,NA,NA,NA,NA,NA,NA,NA,NA
PU6_3602_3730,1,7.38,16.4,NA,0.5,NA,6059.1,NA,NA,NA,NA,NA,NA,NA,NA,NA,NA
PU6_3730_3750,1,9.14,11.48,NA,0.5,NA,3106.55,NA,NA,NA,NA,NA,NA,NA,NA,NA,NA
PU6_3750_3752,1,10.2,29.52,NA,0.5,NA,9109.51,NA,NA,NA,NA,NA,NA,NA,NA,NA,NA
PU6_3752_4080,1,10.11,13.12,NA,0.5,NA,7293.51,NA,NA,NA,NA,NA,NA,NA,NA,NA,NA
PU6_4080_4180,1,3.69,9.84,NA,0.5,NA,1330.17,NA,NA,NA,NA,NA,NA,NA,NA,NA,NA
PU6_4180_4150,1,10.1,27.88,NA,0.5,NA,3806.44,NA,NA,NA,NA,NA,NA,NA,NA,NA,NA
PM7_4150_4290,1,10.54,31.16,NA,0.5,NA,5469.81,NA,NA,NA,NA,NA,NA,NA,NA,NA,NA
PM7_4290_4200,1,2.73,4.92,NA,0.5,NA,1585.92,NA,NA,NA,NA,NA,NA,NA,NA,NA,NA
PM7_4200_4410,1,7.82,13.12,NA,0.5,NA,4592.01,NA,NA,NA,NA,NA,NA,NA,NA,NA,NA
PM7_4410_4620,1,12.68,9.84,NA,0.5,NA,8054.1,NA,NA,NA,NA,NA,NA,NA,NA,NA,NA
PM7_4620_4580,1,9.33,4.92,NA,0.5,NA,6141.05,NA,NA,NA,NA,NA,NA,NA,NA,NA,NA
PM7_4580_4820,1,19.79,137.76,NA,0.5,NA,13272.75,NA,NA,NA,NA,NA,NA,NA,NA,NA,NA
PM7_4820_0001,1,3.4,32.8,NA,0.5,NA,2285.63,NA,NA,NA,NA,NA,NA,NA,NA,NA,NA
end
