river,name***
DE0_2590_0000,Drains to Tidal Water - No River Simulation
DE0_2600_0000,Brandywine Creek
DE0_2610_0000,Drains to Tidal Water - No River Simulation
DE0_2640_0000,Drains to Tidal Water - No River Simulation
DE0_2690_0000,White Clay Creek
DE0_2710_0000,Christina River
DE0_2800_0000,Drains to Tidal Water - No River Simulation
DE0_2850_0000,Drains to Tidal Water - No River Simulation
DE0_2870_0000,Drains to Tidal Water - No River Simulation
DE0_2920_0000,Drains to Tidal Water - No River Simulation
DE0_2960_0000,Drains to Tidal Water - No River Simulation
DE0_2990_0000,Drains to Tidal Water - No River Simulation
DE0_3110_0000,Drains to Tidal Water - No River Simulation
DE0_3260_0000,Drains to Tidal Water - No River Simulation
DE0_3280_0000,Drains to Tidal Water - No River Simulation
DE0_3310_0000,Drains to Tidal Water - No River Simulation
DE0_3380_0000,Drains to Tidal Water - No River Simulation
DE0_3410_0000,Drains to Tidal Water - No River Simulation
DE0_3790_0000,Jones River
DE0_3791_0001,Jones River
DE0_3840_0000,Drains to Tidal Water - No River Simulation
DE0_4140_0000,Murderkill River
DE0_4141_0001,Murderkill River
DE0_4230_0000,Mispillion River
DE0_4231_0001,Mispillion River
DE0_4350_0000,Mispillion River
DE0_4520_0000,Broadkill River
DE0_4570_0000,Drains to Tidal Water - No River Simulation
DE0_4680_0000,Drains to Tidal Water - No River Simulation
DE0_4800_0000,Indian River
DE0_4850_0000,Miller Creek
DE0_4990_0000,Indian River
DE0_5020_0000,Miller Creek
DE0_5021_0000,Drains to Tidal Water - No River Simulation
DE0_5170_0000,Drains to Tidal Water - No River Simulation
DE0_5410_0000,Drains to Tidal Water - No River Simulation
DE0_5420_0000,Drains to Tidal Water - No River Simulation
DE0_5650_0000,Drains to Tidal Water - No River Simulation
DE0_6210_0000,Drains to Tidal Water - No River Simulation
DE0_6310_0000,Drains to Tidal Water - No River Simulation
DE0_6630_0000,Drains to Tidal Water - No River Simulation
DE0_6980_0000,Drains to Tidal Water - No River Simulation
DE0_7130_0000,Drains to Tidal Water - No River Simulation
EL0_4560_4562,Nanticoke River Gravelly fork
EL0_4561_4562,Deep Creek
EL0_4562_0001,Nanticoke River
EL0_4591_0000,Marshyhope Creek
EL0_4592_0000,Drains to Tidal Water - No River Simulation
EL0_4593_0000,Drains to Tidal Water - No River Simulation
EL0_4594_0000,Drains to Tidal Water - No River Simulation
EL0_4595_0000,Drains to Tidal Water - No River Simulation
EL0_4596_0000,Drains to Tidal Water - No River Simulation
EL0_4597_0000,Drains to Tidal Water - No River Simulation
EL0_4598_0000,Drains to Tidal Water - No River Simulation
EL0_4631_0000,Drains to Tidal Water - No River Simulation
EL0_4632_0000,Drains to Tidal Water - No River Simulation
EL0_4633_0000,Drains to Tidal Water - No River Simulation
EL0_4892_0000,Drains to Tidal Water - No River Simulation
EL0_5040_0000,Drains to Tidal Water - No River Simulation
EL0_5151_0000,Chicamacomico River
EL0_5262_0000,Drains to Tidal Water - No River Simulation
EL0_5271_0000,Pocomoke River
EL0_5280_0000,Drains to Tidal Water - No River Simulation
EL0_5281_0000,Drains to Tidal Water - No River Simulation
EL0_5282_0000,Drains to Tidal Water - No River Simulation
EL0_5283_0000,Drains to Tidal Water - No River Simulation
EL0_5284_0000,Drains to Tidal Water - No River Simulation
EL0_5285_0000,Drains to Tidal Water - No River Simulation
EL0_5400_0001,Wicomico River
EL0_5590_0000,Drains to Tidal Water - No River Simulation
EL0_5760_0000,Drains to Tidal Water - No River Simulation
EL0_5761_0000,Drains to Tidal Water - No River Simulation
EL0_5762_0000,Drains to Tidal Water - No River Simulation
EL0_5763_0000,Drains to Tidal Water - No River Simulation
EL0_5764_0000,Drains to Tidal Water - No River Simulation
EL0_5765_0000,Drains to Tidal Water - No River Simulation
EL0_5766_0000,Drains to Tidal Water - No River Simulation
EL0_5767_0001,TODO
EL0_5890_0000,Drains to Tidal Water - No River Simulation
EL0_5891_0000,Drains to Tidal Water - No River Simulation
EL0_5892_0000,Drains to Tidal Water - No River Simulation
EL0_5893_0000,Drains to Tidal Water - No River Simulation
EL0_5894_0000,Drains to Tidal Water - No River Simulation
EL0_5895_0000,Drains to Tidal Water - No River Simulation
EL0_5896_0000,Drains to Tidal Water - No River Simulation
EL0_5973_0000,Drains to Tidal Water - No River Simulation
EL0_6001_0000,Drains to Tidal Water - No River Simulation
EL0_6002_0000,Drains to Tidal Water - No River Simulation
EL0_6003_0000,Drains to Tidal Water - No River Simulation
EL0_6004_0000,Drains to Tidal Water - No River Simulation
EL0_6010_0000,Drains to Tidal Water - No River Simulation
EL0_6011_0000,Drains to Tidal Water - No River Simulation
EL0_6190_0000,Drains to Tidal Water - No River Simulation
EL0_6191_0000,Drains to Tidal Water - No River Simulation
EL0_6480_0000,Drains to Tidal Water - No River Simulation
EL0_6550_0000,Drains to Tidal Water - No River Simulation
EL0_6610_0000,Drains to Tidal Water - No River Simulation
EL0_6920_0000,Drains to Tidal Water - No River Simulation
EL0_7060_0000,Drains to Tidal Water - No River Simulation
EL0_7220_0000,Drains to Tidal Water - No River Simulation
EL1_5150_0001,Chicamacomico River
EL1_5430_0001,Nassawango Creek
EL1_5570_0001,Dividing Creek
EL1_5660_0000,Nassawango Creek
EL1_6000_0001,Marumsco Creek
EL2_4400_4590,Marshyhope Creek
EL2_4590_0001,Marshyhope Creek
EL2_4630_0000,Nanticoke River
EL2_4634_0000,Nanticoke River
EL2_5110_5270,Pocomoke River
EL2_5270_0001,Pocomoke River
EL2_5272_5270,Pocomoke River
EL3_5870_0000,Pocomoke River
EL3_5970_0000,Pocomoke River
EL3_5971_0000,Pocomoke River
EL3_5972_0000,Pocomoke River
EL3_5974_0000,Pocomoke River
EM0_4322_0000,Drains to Tidal Water - No River Simulation
EM0_4323_0000,Drains to Tidal Water - No River Simulation
EM0_4324_0000,Drains to Tidal Water - No River Simulation
EM0_4327_0000,Drains to Tidal Water - No River Simulation
EM0_4551_0000,Drains to Tidal Water - No River Simulation
EM0_4870_0000,Drains to Tidal Water - No River Simulation
EM0_4871_0000,Drains to Tidal Water - No River Simulation
EM0_4874_0000,Drains to Tidal Water - No River Simulation
EM0_4875_0000,Drains to Tidal Water - No River Simulation
EM0_4876_0000,Drains to Tidal Water - No River Simulation
EM0_4880_0000,Drains to Tidal Water - No River Simulation
EM0_4881_0000,Drains to Tidal Water - No River Simulation
EM0_4882_0000,Drains to Tidal Water - No River Simulation
EM0_4883_0000,Drains to Tidal Water - No River Simulation
EM0_4884_0000,Drains to Tidal Water - No River Simulation
EM0_4885_0000,Drains to Tidal Water - No River Simulation
EM0_4886_0000,Drains to Tidal Water - No River Simulation
EM0_4887_0000,Drains to Tidal Water - No River Simulation
EM0_4888_0000,Drains to Tidal Water - No River Simulation
EM0_4889_0000,Drains to Tidal Water - No River Simulation
EM0_4890_0000,Drains to Tidal Water - No River Simulation
EM0_4891_0000,Drains to Tidal Water - No River Simulation
EM0_5260_0000,Drains to Tidal Water - No River Simulation
EM0_5261_0000,Drains to Tidal Water - No River Simulation
EM0_5263_0000,Drains to Tidal Water - No River Simulation
EM2_3980_0001,Choptank River
EM2_4100_0001,Tuckahoe River
EM2_4101_0000,Tuckahoe River
EM3_4320_0000,Choptank River
EM3_4321_0000,Drains to Tidal Water - No River Simulation
EM3_4325_0000,Drains to Tidal Water - No River Simulation
EM3_4326_0000,Drains to Tidal Water - No River Simulation
EM4_4740_0000,Choptank River
EU0_2940_0000,Drains to Tidal Water - No River Simulation
EU0_2941_0000,Drains to Tidal Water - No River Simulation
EU0_2985_0000,Drains to Tidal Water - No River Simulation
EU0_3010_0000,Drains to Tidal Water - No River Simulation
EU0_3011_0000,Drains to Tidal Water - No River Simulation
EU0_3050_0000,Drains to Tidal Water - No River Simulation
EU0_3130_0000,Drains to Tidal Water - No River Simulation
EU0_3131_0000,Drains to Tidal Water - No River Simulation
EU0_3200_0000,Drains to Tidal Water - No River Simulation
EU0_3201_0000,Drains to Tidal Water - No River Simulation
EU0_3202_0000,Drains to Tidal Water - No River Simulation
EU0_3203_0000,Drains to Tidal Water - No River Simulation
EU0_3300_0000,Drains to Tidal Water - No River Simulation
EU0_3301_0000,Drains to Tidal Water - No River Simulation
EU0_3302_0000,Drains to Tidal Water - No River Simulation
EU0_3360_0000,Drains to Tidal Water - No River Simulation
EU0_3361_0000,Drains to Tidal Water - No River Simulation
EU0_3362_0000,Drains to Tidal Water - No River Simulation
EU0_3363_0000,Drains to Tidal Water - No River Simulation
EU0_3364_0000,Drains to Tidal Water - No River Simulation
EU0_3570_0000,Drains to Tidal Water - No River Simulation
EU0_3571_0000,Drains to Tidal Water - No River Simulation
EU0_3572_0000,Drains to Tidal Water - No River Simulation
EU0_3573_0000,Drains to Tidal Water - No River Simulation
EU0_3700_0000,Drains to Tidal Water - No River Simulation
EU0_3720_0000,Chester River
EU0_3721_0000,Chester River
EU0_3722_0000,Drains to Tidal Water - No River Simulation
EU0_3724_0000,Drains to Tidal Water - No River Simulation
EU0_3725_0000,Drains to Tidal Water - No River Simulation
EU0_3726_0001,TODO
EU0_3830_0001,Chester River Unicorn Branch
EU0_4010_0000,Drains to Tidal Water - No River Simulation
EU0_4011_0000,Drains to Tidal Water - No River Simulation
EU0_4012_0000,Drains to Tidal Water - No River Simulation
EU0_4013_0000,Drains to Tidal Water - No River Simulation
EU0_4014_0000,Drains to Tidal Water - No River Simulation
EU0_4015_0000,Drains to Tidal Water - No River Simulation
EU0_4016_0000,Drains to Tidal Water - No River Simulation
EU0_4030_0000,Drains to Tidal Water - No River Simulation
EU0_4120_0000,Drains to Tidal Water - No River Simulation
EU0_4121_0000,Drains to Tidal Water - No River Simulation
EU0_4122_0000,Drains to Tidal Water - No River Simulation
EU0_4123_0000,Drains to Tidal Water - No River Simulation
EU0_4124_0000,Drains to Tidal Water - No River Simulation
EU0_4125_0000,Drains to Tidal Water - No River Simulation
EU0_4260_0000,Drains to Tidal Water - No River Simulation
EU0_4470_0000,Drains to Tidal Water - No River Simulation
EU0_4471_0000,Drains to Tidal Water - No River Simulation
EU0_4472_0000,Drains to Tidal Water - No River Simulation
EU0_4473_0000,Drains to Tidal Water - No River Simulation
EU0_4474_0000,Drains to Tidal Water - No River Simulation
EU0_4475_0000,Drains to Tidal Water - No River Simulation
EU0_4490_0000,Drains to Tidal Water - No River Simulation
EU0_4491_0000,Drains to Tidal Water - No River Simulation
EU0_4550_0000,Drains to Tidal Water - No River Simulation
EU0_4610_0000,Drains to Tidal Water - No River Simulation
EU0_4700_0000,Drains to Tidal Water - No River Simulation
EU0_4872_0000,Drains to Tidal Water - No River Simulation
EU0_4873_0000,Drains to Tidal Water - No River Simulation
EU1_2650_0001,Big Elk Creek
EU1_2810_0001,Little Northeast Creek
EU1_2980_0000,Drains to Tidal Water - No River Simulation
EU1_2981_0000,Drains to Tidal Water - No River Simulation
EU1_2982_0000,Drains to Tidal Water - No River Simulation
EU1_2983_0000,Drains to Tidal Water - No River Simulation
EU1_2984_0000,Drains to Tidal Water - No River Simulation
EU2_3520_0001,Chester River Andover Branch
GY0_3800_3801,Casselman River
GY0_3801_0000,Casselman River
GY0_3950_3952,Bear Creek
GY0_3951_3952,Youghiogheny River
GY0_3952_0000,Youghiogheny River
GY0_4240_3951,Deep Creek Hydroelectric Dam
GY0_4530_4532,Little Youghiogheny River
GY0_4531_4532,Youghiogheny River
GY0_4532_3951,Youghiogheny River
JA0_7291_7290,Swift Creek
JA1_7600_7570,West Creek
JA1_7640_7280,Bushy River
JA2_7290_0001,Swift Creek
JA2_7410_7470,Flat Creek
JA2_7550_7280,Appomattox River
JA2_7570_7480,West Creek
JA4_7280_7340,Appomattox River
JA4_7340_7470,Appomattox River
JA4_7470_7480,Appomattox River
JA5_7460_0000,Appomattox River
JA5_7480_0001,George F. Brasfield Dam
JA5_7520_0000,Appomattox River
JB0_7050_0000,Chickahominy River
JB0_7051_0001,Little Creek Reservoir
JB0_7052_0001,Diascund Creek Reservoir
JB0_7071_0000,James River
JB0_7072_0000,Drains to Tidal Water - No River Simulation
JB0_7073_0000,Drains to Tidal Water - No River Simulation
JB0_7074_0000,Drains to Tidal Water - No River Simulation
JB0_7075_0000,Drains to Tidal Water - No River Simulation
JB0_7076_0000,Drains to Tidal Water - No River Simulation
JB0_7270_0000,James River
JB0_7271_0000,James River
JB0_7381_0000,Drains to Tidal Water - No River Simulation
JB0_7382_0000,Drains to Tidal Water - No River Simulation
JB0_7383_0000,Drains to Tidal Water - No River Simulation
JB0_7390_0000,Drains to Tidal Water - No River Simulation
JB0_7391_0000,Drains to Tidal Water - No River Simulation
JB0_7392_0000,Drains to Tidal Water - No River Simulation
JB0_7393_0000,Drains to Tidal Water - No River Simulation
JB0_7394_0000,Drains to Tidal Water - No River Simulation
JB0_7395_0000,Drains to Tidal Water - No River Simulation
JB0_7396_0000,Drains to Tidal Water - No River Simulation
JB0_7397_0000,Drains to Tidal Water - No River Simulation
JB0_7398_0000,Drains to Tidal Water - No River Simulation
JB0_7399_0000,Drains to Tidal Water - No River Simulation
JB0_7580_0000,Drains to Tidal Water - No River Simulation
JB0_7660_0000,Drains to Tidal Water - No River Simulation
JB0_7661_0000,Drains to Tidal Water - No River Simulation
JB0_7662_0000,Drains to Tidal Water - No River Simulation
JB0_7760_0000,Drains to Tidal Water - No River Simulation
JB1_8090_0001,Lake Mead Dam
JB2_7800_0001,Western Branch Dam
JB3_6820_7053,Chickahominy River
JB3_7053_0001,Chickahominy River Reservoir
JL1_6560_6440,Mechums River
JL1_6760_6910,Hardware River
JL1_6770_6850,Rockfish River North Fork
JL1_6910_6960,Hardware River
JL1_6940_7200,Tye River
JL1_7080_7190,Piney River
JL1_7170_6800,Deep Creek
JL1_7190_7250,Piney River
JL1_7200_7250,Tye River
JL1_7530_7430,Wreck Island Creek
JL2_6240_6520,Rivanna River North Fork
JL2_6440_6441,Rivanna River South Fork
JL2_6441_6520,South Rivanna Dam
JL2_6850_6890,Rockfish River
JL2_7110_7120,Slate River
JL2_7120_6970,Slate River
JL2_7240_7350,Buffalo River
JL2_7250_7090,Piney River
JL2_7350_7090,Buffalo River
JL3_7020_7100,Willis River
JL3_7090_7150,Buffalo River
JL4_6520_6710,Rivanna River
JL4_6710_6740,Rivanna River
JL6_6740_7100,James River
JL6_6890_6990,James River
JL6_6960_6970,James River
JL6_6970_6740,James River
JL6_6990_6960,James River
JL6_7150_6890,James River
JL6_7160_7440,James River
JL6_7320_7150,James River
JL6_7430_7320,James River
JL6_7440_7430,James River
JL7_6800_7070,James River
JL7_7030_6800,James River
JL7_7070_0001,James River
JL7_7100_7030,James River
JU1_6290_6590,Back Creek
JU1_6300_6650,Bullpasture River
JU1_6340_6650,Cowpasture River
JU1_6590_6600,Back Creek
JU1_6880_7260,South River
JU1_7560_7500,Catawba Creek
JU1_7630_7490,Johns Creek
JU1_7690_7490,Craig Creek
JU1_7750_7560,Catawba Creek
JU2_6410_6640,Calfpasture River
JU2_6600_6810,Back Creek
JU2_6810_6900,Back Creek
JU2_7140_7330,Dunlap Creek
JU2_7180_7380,Buffalo Creek
JU2_7360_7000,Potts Creek
JU2_7450_7360,Potts Creek
JU3_6380_6900,Jackson River
JU3_6640_6790,Maury River
JU3_6650_7300,Cowpasture River
JU3_6790_7260,Maury River
JU3_6900_6950,Gathright Dam
JU3_6950_7330,Jackson River
JU3_7400_7510,Craig Creek
JU3_7490_7400,Craig Creek
JU4_7000_7300,James River
JU4_7260_7380,Maury River
JU4_7330_7000,Jackson River
JU4_7380_7160,Maury River
JU5_7300_7510,James River
JU5_7420_7160,James River
JU5_7500_7420,James River
JU5_7510_7500,James River
PL0_4510_0001,Anacostia River
PL0_4961_0000,Drains to Tidal Water - No River Simulation
PL0_5000_0001,Holmes Run
PL0_5010_5130,Accotink Creek
PL0_5070_0001,Piscataway Creek
PL0_5090_0000,Holmes Run
PL0_5131_0000,Accotink Creek
PL0_5141_5140,T. Nelson Elliott Dam
PL0_5251_0000,Drains to Tidal Water - No River Simulation
PL0_5252_0000,Drains to Tidal Water - No River Simulation
PL0_5253_0000,Drains to Tidal Water - No River Simulation
PL0_5290_0000,Potomac River
PL0_5390_0000,Drains to Tidal Water - No River Simulation
PL0_5391_0000,Drains to Tidal Water - No River Simulation
PL0_5392_0000,Drains to Tidal Water - No River Simulation
PL0_5440_0000,Drains to Tidal Water - No River Simulation
PL0_5450_0000,Drains to Tidal Water - No River Simulation
PL0_5490_0001,Quantico Creek
PL0_5491_0000,Drains to Tidal Water - No River Simulation
PL0_5492_0000,Drains to Tidal Water - No River Simulation
PL0_5493_0000,Drains to Tidal Water - No River Simulation
PL0_5494_0000,Drains to Tidal Water - No River Simulation
PL0_5495_0000,Drains to Tidal Water - No River Simulation
PL0_5496_0000,Drains to Tidal Water - No River Simulation
PL0_5510_0001,Gilbert Swamp Run
PL0_5530_5710,Clark Run
PL0_5540_5490,Quantico Creek
PL0_5580_0000,Nanjemoy Creek
PL0_5581_0000,Drains to Tidal Water - No River Simulation
PL0_5582_0000,Drains to Tidal Water - No River Simulation
PL0_5583_0000,Drains to Tidal Water - No River Simulation
PL0_5584_0000,Drains to Tidal Water - No River Simulation
PL0_5585_0000,Drains to Tidal Water - No River Simulation
PL0_5670_0000,Drains to Tidal Water - No River Simulation
PL0_5671_0000,Drains to Tidal Water - No River Simulation
PL0_5672_0000,Drains to Tidal Water - No River Simulation
PL0_5710_0001,Clark Run
PL0_5720_0001,Nanjemoy Creek
PL0_5730_5690,Aquia Creek
PL0_5750_0001,St Clement Creek
PL0_5790_0000,Drains to Tidal Water - No River Simulation
PL0_5791_0000,Drains to Tidal Water - No River Simulation
PL0_5830_0001,McIntosh Run
PL0_5850_0000,Drains to Tidal Water - No River Simulation
PL0_5851_0000,Drains to Tidal Water - No River Simulation
PL0_5860_0000,Drains to Tidal Water - No River Simulation
PL0_5900_0000,Drains to Tidal Water - No River Simulation
PL0_5901_0000,Drains to Tidal Water - No River Simulation
PL0_5902_0000,Drains to Tidal Water - No River Simulation
PL0_5903_0000,Drains to Tidal Water - No River Simulation
PL0_5904_0000,Drains to Tidal Water - No River Simulation
PL0_5920_0000,Drains to Tidal Water - No River Simulation
PL0_5921_0000,Drains to Tidal Water - No River Simulation
PL0_5922_0000,Drains to Tidal Water - No River Simulation
PL0_5923_0000,Drains to Tidal Water - No River Simulation
PL0_5930_0000,Drains to Tidal Water - No River Simulation
PL0_5950_0000,Drains to Tidal Water - No River Simulation
PL0_5951_0000,Drains to Tidal Water - No River Simulation
PL0_5952_0000,Drains to Tidal Water - No River Simulation
PL0_5960_0000,Drains to Tidal Water - No River Simulation
PL0_5961_0000,Drains to Tidal Water - No River Simulation
PL0_5962_0000,Drains to Tidal Water - No River Simulation
PL0_5980_0000,Drains to Tidal Water - No River Simulation
PL0_5981_0000,Drains to Tidal Water - No River Simulation
PL0_5982_0000,Drains to Tidal Water - No River Simulation
PL0_5983_0000,Drains to Tidal Water - No River Simulation
PL0_6020_0000,Drains to Tidal Water - No River Simulation
PL0_6060_0000,Drains to Tidal Water - No River Simulation
PL0_6100_0000,Drains to Tidal Water - No River Simulation
PL0_6101_0000,Drains to Tidal Water - No River Simulation
PL0_6110_0000,Drains to Tidal Water - No River Simulation
PL0_6130_0000,Drains to Tidal Water - No River Simulation
PL0_6131_0000,Drains to Tidal Water - No River Simulation
PL0_6140_0000,Great Wicomico River
PL0_6141_0000,Great Wicomico River
PL0_6270_0000,Great Wicomico River
PL0_6271_0000,Great Wicomico River
PL0_6272_0000,Great Wicomico River
PL1_4460_4780,Rock Creek
PL1_4540_0001,North East Branch Anacostia River
PL1_4780_0001,Rock Creek
PL1_5060_0000,Piscataway Creek
PL1_5061_0000,Drains to Tidal Water - No River Simulation
PL1_5130_0001,Accotink Creek
PL1_5230_0001,Mattawoman Creek
PL1_5370_5470,Cedar Run
PL1_5690_0001,Aquia Creek
PL1_5910_0001,St Marys River
PL2_4810_0000,Anacostia River
PL2_4811_0000,Anacostia River
PL2_4945_0000,Bull Run
PL2_4970_5250,Bull Run
PL2_5140_5360,Broad Run
PL2_5300_5630,Zekiah Swamp Run
PL2_5470_5360,Cedar Run
PL2_5630_0001,Zekiah Swamp Run
PL2_5800_0000,Zekiah Swamp Run
PL3_5250_0001,Occoquan Main Dam
PL3_5360_5250,Cedar Run
PL7_4910_0000,Potomac River
PL7_4911_0000,Potomac River
PL7_4940_0000,Potomac River
PL7_4941_0000,Potomac River
PL7_4942_0000,Potomac River
PL7_4960_0000,Potomac River
PL7_4962_0000,Potomac River
PL7_4963_0000,Potomac River
PL7_4964_0000,Potomac River
PL7_4965_0000,Potomac River
PL7_4980_0000,Potomac River
PL7_4981_0000,Potomac River
PL7_4982_0000,Potomac River
PL7_4983_0000,Potomac River
PL7_4984_0000,Potomac River
PM0_4640_4820,Cabin John Creek
PM1_3120_3400,Big Pipe Creek
PM1_3450_3400,Little Pipe Creek
PM1_3510_4000,Catoctin Creek
PM1_3710_4040,Lingamore Creek
PM1_3711_3710,TODO Lingamore Creek
PM1_4000_4290,Catoctin Creek
PM1_4250_4500,Great Seneca Creek
PM1_4251_4250,TODO Great Seneca Creek
PM1_4252_4250,TODO Great Seneca Creek
PM1_4430_4200,Catoctin Creek South Fork
PM1_4500_4580,Seneca Creek
PM2_2860_3040,Marsh Creek
PM2_3400_3340,Big Pipe Creek
PM2_4860_4670,Goose Creek
PM3_3040_3340,Monocacy River
PM3_4660_4620,Goose Creek
PM3_4670_4660,Goose Creek
PM4_3340_3341,Monocacy River
PM4_3341_4040,Monocacy River
PM4_4040_4410,Monocacy River
PM7_4150_4290,Potomac River
PM7_4200_4410,Potomac River
PM7_4290_4200,Potomac River
PM7_4410_4620,Potomac River
PM7_4580_4820,Potomac River
PM7_4620_4580,Potomac River
PM7_4820_0001,Potomac River
PS0_6150_6160,Blacks Run
PS0_6160_6161,Blacks Run
PS1_4790_4830,Cedar Creek
PS1_4830_5080,Cedar Creek
PS2_5550_5560,Shenandoah River North Fork
PS2_5560_5100,Shenandoah River North Fork
PS2_6420_6360,South River
PS2_6490_6420,South River
PS2_6660_6490,South River
PS2_6730_6660,South River
PS3_5100_5080,Shenandoah River North Fork
PS3_5990_6161,Dry River
PS3_6161_6280,North River
PS3_6280_6230,North River
PS3_6460_6230,Middle River
PS4_5080_4380,Shenandoah River North Fork
PS4_5840_5240,Shenandoah River South Fork
PS4_6230_6360,Middle River
PS4_6360_5840,Shenandoah River South Fork
PS5_4370_4150,Shenandoah River
PS5_4380_4370,Shenandoah River
PS5_5200_4380,Shenandoah River South Fork
PS5_5240_5200,Shenandoah River South Fork
PU0_3000_3090,Antietam Creek East Branch
PU0_3601_3602,Little Conococheague Creek
PU0_3611_3530,Little Tonoloway Creek
PU0_3751_3752,Marsh Run
PU0_3871_3690,Fifteen Mile Creek
PU0_5620_5380,South Branch Potomac
PU0_6080_5620,South Branch Potomac
PU1_3030_3440,Tonoloway Creek
PU1_3100_3690,Sideling Hill Crek
PU1_3170_3580,Evitts Creek
PU1_3580_3780,Evitts Creek
PU1_3850_4190,Savage River
PU1_3940_3970,Georges Creek
PU1_4190_4300,Savage River Dam
PU1_4300_4440,Savage River
PU1_4760_4451,Stony River
PU1_4840_4760,Mt. Storm Power Station Dam/Stony River Dam
PU1_5380_5050,Reeds Creek
PU1_5520_5210,Seneca Creek
PU1_5820_5380,Reeds Creek
PU2_2790_3290,Conococheague Creek
PU2_2840_3080,Licking Creek
PU2_3080_3640,Licking Creek
PU2_3090_4050,Antietam Creek
PU2_3140_3680,Wills Creek
PU2_3180_3370,Town Creek
PU2_3370_4020,Town Creek
PU2_3630_3590,Sleepy Creek
PU2_3770_3600,Back Creek
PU2_3900_3750,Opequon Creek
PU2_4050_4180,Antietam Creek
PU2_4160_3930,Patterson Creek
PU2_4220_3900,Opequon Creek
PU2_4340_3860,North River
PU2_4360_4160,Patterson Creek
PU2_4720_4750,Potomac River North Branch
PU2_4730_4220,Opequon Creek
PU2_4750_4451,Potomac River North Branch
PU2_5190_4310,Potomac River South Branch South Fork
PU2_5700_5210,Potomac River South Branch North Fork
PU2_6050_5190,Potomac River South Branch South Fork
PU3_2510_3290,Conococheague Creek West Branch
PU3_3290_3390,Conococheague Creek
PU3_3390_3730,Conococheague Creek
PU3_3680_3890,Wills Creek
PU3_3860_3610,Cacapon river
PU3_4280_3860,Lost River
PU3_4450_4440,Bloomington/Jennings Randolph
PU3_4451_4450,TODO Bloomington/Jennings Randolph
PU3_5210_5050,Potomac River South Branch North Fork
PU4_3780_3930,Potomac River North Branch
PU4_3890_3990,Potomac River North Branch
PU4_3970_3890,Potomac River North Branch
PU4_3990_3780,Potomac River North Branch
PU4_4210_4170,Potomac River South Branch
PU4_4310_4210,Potomac River South Branch
PU4_4440_3970,Potomac River North Branch
PU4_5050_4310,Potomac River South Branch
PU5_3930_4170,Potomac River North Branch
PU5_4170_4020,Potomac River
PU6_3440_3590,Potomac River
PU6_3530_3440,Potomac River
PU6_3590_3640,Potomac River
PU6_3600_3602,Potomac River
PU6_3602_3730,Potomac River
PU6_3610_3530,Potomac River
PU6_3640_3600,Potomac River
PU6_3690_3610,Potomac River
PU6_3730_3750,Potomac River
PU6_3750_3752,Potomac River
PU6_3752_4080,Potomac River
PU6_3870_3690,Potomac River
PU6_4020_3870,Potomac River
PU6_4080_4180,Potomac River
PU6_4180_4150,Potomac River
RL0_6450_0000,Drains to Tidal Water - No River Simulation
RL0_6451_0000,Drains to Tidal Water - No River Simulation
RL0_6500_0000,Drains to Tidal Water - No River Simulation
RL0_6501_0000,Drains to Tidal Water - No River Simulation
RL0_6530_0000,Drains to Tidal Water - No River Simulation
RL0_6531_0000,Drains to Tidal Water - No River Simulation
RL0_6540_0001,Piscataway Creek
RL1_6180_0001,Cat Point Creek
RL1_6322_0000,Cat Point Creek
RL5_6070_0000,Rappahannock River
RL5_6071_0000,Rappahannock River
RL5_6072_0000,Rappahannock River
RL5_6320_0000,Piscataway Creek
RL5_6321_0000,Drains to Tidal Water - No River Simulation
RU2_5220_5640,Rappahannock River
RU2_5500_5610,Thornton River
RU2_5810_5610,Hazel River
RU2_5940_6200,Robinson River
RU2_6090_6220,Rapidian River
RU2_6200_6170,Robinson River
RU2_6220_6170,Rapidian River
RU3_5610_5640,Hazel River
RU3_6170_6040,Rapidian River
RU4_5640_6030,Rappahannock River
RU4_6040_6030,Rapidian River
RU5_6030_0001,Rappahannock River
SJ1_2280_2450,Blacklog Creek
SJ2_1900_1930,Cush Creek
SJ2_2110_2170,East Licking Creek
SJ2_2150_2130,Buffalo Creek
SJ2_2500_2450,Aughwick Creek
SJ2_2530_2820,Bobs Creek
SJ2_2570_2660,Yellow Creek
SJ2_2580_2500,Sideling Hill Crek
SJ2_2820_2740,Dunning Creek
SJ2_2900_2740,Juniata River Raystown Branch
SJ3_1980_2060,Little Juniatta River
SJ3_2040_1980,Little Juniatta River
SJ3_2160_2170,Tuscarora Creek
SJ3_2170_1970,Tuscarora Creek
SJ3_2230_2060,Juniata River Frankstown Branch
SJ3_2250_2230,Juniata River Frankstown Branch
SJ3_2450_2120,Aughwick Creek
SJ4_2010_2210,Juniata River
SJ4_2060_2010,Warrior Ridge Dam
SJ4_2340_2210,Juniata River Raystown Branch
SJ4_2360_2340,Raystown Dam
SJ4_2660_2360,Juniata River Raystown Branch
SJ4_2740_2660,Juniata River Raystown Branch
SJ5_2120_1930,Juniata River
SJ5_2210_2320,Juniata River
SJ5_2320_2120,Juniata River
SJ6_1930_1970,Juniata River
SJ6_1970_2130,Juniata River
SJ6_2130_2050,Juniata River
SL0_2180_2220,Quittapahilla Creek
SL0_2220_2140,Quittapahilla Creek
SL0_2721_2720,Broad Creek
SL0_2831_2830,Lake Murburg Dam
SL1_1700_1780,Shamokin Creek
SL1_1730_1700,Shamokin Creek
SL1_1790_1840,Middle Creek
SL1_2000_2090,Little Swatara Creek
SL1_2190_2350,Cocalico Creek
SL1_2390_2420,Mill Creek
SL1_2670_2370,Branch Creek
SL1_2760_2730,York Indian Rock Dam
SL1_2770_2730,Codorus Creek South Branch
SL1_2830_2760,Codorus Creek West Branch
SL2_1670_1880,Mahanoy Creek
SL2_1810_2030,Mahantango Creek
SL2_1850_1990,Swatara Creek
SL2_1990_2070,Swatara Creek
SL2_2070_2090,Swatara Creek
SL2_2200_2350,Conestoga Creek
SL2_2300_2520,Chickens Creek
SL2_2410_2700,Pequea Creek
SL2_2480_0001,Octoraro Creek
SL2_2540_2370,Conogoguinet Creek
SL2_2750_2720,Muddy Creek
SL2_2910_3060,Deer Creek
SL2_3060_0001,Deer Creek
SL3_1710_1740,Penns Creek
SL3_1740_1840,Penns Creek
SL3_1840_1880,Middle Creek
SL3_1960_2080,Wiconisco Creek
SL3_2260_2050,Sherman Creek
SL3_2290_2260,Sherman Creek
SL3_2350_2470,Conestoga Creek
SL3_2400_2440,Yellow Breeches Creek
SL3_2420_2700,Conestoga Creek
SL3_2440_2380,Yellow Breeches Creek
SL3_2460_2430,Conewago Creek
SL3_2470_2420,Conestoga Creek
SL3_2550_2490,Codorus Creek
SL3_2730_2550,Codorus Creek
SL4_2090_2100,Swatara Creek
SL4_2100_2140,Swatara Creek
SL4_2140_2240,Swatara Creek
SL4_2240_2310,Swatara Creek
SL4_2330_2270,Conogoguinet Creek
SL4_2370_2330,Conogoguinet Creek
SL8_1760_1780,Susquehanna River
SL8_1780_1880,Susquehanna River
SL8_1880_2030,Susquehanna River
SL8_2030_2080,Susquehanna River
SL8_2080_2050,Susquehanna River
SL9_2050_2270,Susquehanna River
SL9_2270_2380,Susquehanna River
SL9_2310_2430,Susquehanna River
SL9_2380_2310,Susquehanna River
SL9_2430_2490,Susquehanna River
SL9_2490_2520,Susquehanna River
SL9_2520_2700,Safe Harbor Dam
SL9_2700_2720,Holtwood Dam
SL9_2720_0001,Conowingo Dam
SL9_2970_0000,Susquehanna River
SL9_2971_0000,Susquehanna River
SU1_0050_0090,Sangerfield River
SU1_0060_0190,Wharton Creek
SU1_0080_0210,Butternut Creek
SU1_0200_0270,Canasawacta Creek
SU1_0330_0560,Owego Creek East Branch
SU1_0380_0400,Susquehanna River
SU1_0390_0560,Owego Creek West Branch
SU1_0410_0480,Wylie Creek
SU1_0660_0710,Tunkhannock Creek
SU1_0820_0740,Cowanesque River
SU1_0840_0831,Hammond Dam
SU1_0940_0900,Schrader Creek
SU1_1480_1500,Black Creek
SU1_1630_1610,Roaring Creek
SU2_0020_0140,Oaks Creek
SU2_0030_0140,Otsego Lake Dam
SU2_0040_0180,Cherry Valley Creek
SU2_0070_0090,Chenango River
SU2_0100_0230,Schenevus Creek
SU2_0110_0240,Otselic River
SU2_0120_0260,Tioughnioga Creek
SU2_0130_0250,Otego Creek
SU2_0150_0220,Charlotte Creek
SU2_0160_0260,Tioughnioga River West Branch
SU2_0210_0300,Butternut Creek
SU2_0280_0430,Genegantslet Creek
SU2_0290_0291,Ouleout Creek
SU2_0291_0320,East Sidney Dam
SU2_0320_0340,Ouleout Creek
SU2_0360_0460,Kelsie Creek
SU2_0440_0550,Nanticoke Creek
SU2_0450_0720,Cayuta Creek
SU2_0470_0590,Catatonk Creek
SU2_0510_0570,Canisteo River
SU2_0560_0590,Owego Creek
SU2_0570_0580,Canisteo River
SU2_0620_0580,Bennetts Creek
SU2_0640_0630,Tuscarora Creek North Branch
SU2_0670_0810,Lackawanna River
SU2_0680_0610,Seeley Creek
SU2_0700_0860,Wyalusing Creek
SU2_0740_0741,Cowanesque River
SU2_0741_0690,Cowanesque Dam
SU2_0760_0960,Meshoppen Creek
SU2_0780_0710,Tunkhannock Creek East Branch
SU2_0800_0850,Sugar Creek
SU2_0830_0831,Tioga River
SU2_0890_0900,Towanda Creek
SU2_0900_0870,Towanda Creek
SU2_0920_0830,Tioga River
SU2_0990_0950,Mehoopany Creek
SU2_1020_0980,Bowman Creek
SU2_1200_1310,Huntington Creek
SU2_1210_1310,Fishing Creek
SU2_1290_1500,Nescopeck Creek
SU2_1550_1620,Catawissa Creek
SU3_0010_0190,Unadilla River
SU3_0090_0170,Chenango River
SU3_0140_0180,Susquehanna River
SU3_0170_0270,Chenango River
SU3_0180_0230,Susquehanna River
SU3_0190_0300,Unadilla River
SU3_0240_0350,Whitney Point Dam
SU3_0370_0490,Cohocton River
SU3_0490_0530,Cohocton River
SU3_0590_0540,Owego Creek
SU3_0710_0910,Tunkhannock Creek
SU3_0770_0690,Tioga River
SU3_0790_0770,Tioga River
SU3_0810_0970,Lackawanna River
SU3_0831_0790,Tioga Dam
SU3_0870_0730,Towanda Creek
SU3_0910_1010,Tunkhannock Creek
SU3_0970_1120,Lackawanna River
SU3_1280_1590,Fishing Creek
SU3_1310_1280,Fishing Creek
SU3_1500_1420,Nescopeck Creek
SU4_0220_0250,Susquehanna River
SU4_0230_0220,Susquehanna River
SU4_0250_0340,Susquehanna River
SU4_0260_0350,Tioughnioga River
SU4_0270_0430,Chenango River
SU4_0300_0310,Unadilla River
SU4_0350_0420,Tioughnioga River
SU4_0430_0420,Chenango River
SU4_0580_0630,Canisteo River
SU4_0630_0650,Canisteo River
SU4_0690_0650,Tioga River
SU5_0310_0400,Susquehanna River
SU5_0340_0310,Susquehanna River
SU5_0400_0460,Susquehanna River
SU5_0420_0500,Chenango River
SU5_0460_0480,Susquehanna River
SU5_0530_0610,Chemung River
SU5_0600_0750,Chemung River
SU5_0610_0600,Chemung River
SU5_0650_0530,Tioga River
SU6_0480_0520,Susquehanna River
SU6_0500_0550,Susquehanna River
SU6_0520_0500,Susquehanna River
SU7_0540_0720,Susquehanna River
SU7_0550_0540,Susquehanna River
SU7_0720_0750,Susquehanna River
SU7_0730_0860,Susquehanna River
SU7_0750_0850,Susquehanna River
SU7_0850_0730,Susquehanna River
SU7_0860_0960,Susquehanna River
SU7_0950_1010,Susquehanna River
SU7_0960_0950,Susquehanna River
SU7_0980_1120,Susquehanna River
SU7_1010_0980,Susquehanna River
SU7_1120_1140,Susquehanna River
SU7_1140_1420,Susquehanna River
SU7_1420_1590,Susquehanna River
SU8_1530_1760,Susquehanna River
SU8_1590_1620,Susquehanna River
SU8_1610_1530,Susquehanna River
SU8_1620_1610,Susquehanna River
SW0_1520_1600,Beech Creek
SW1_1160_1260,Wallis Run
SW1_1170_1270,Sinnemahoning Portage Creek
SW1_1180_1190,Muncy Creek
SW1_1450_1510,Chillisquaque Creek
SW1_1510_1680,Chillisquaque Creek
SW1_1560_1460,White Deer Creek
SW1_1570_1640,Buffalo Creek
SW1_1830_1690,Spring Creek
SW1_1890_1830,Spring Creek
SW1_1910_1890,Spring Creek
SW2_0880_0930,Pine Creek
SW2_1000_1110,Babb Creek
SW2_1030_1060,Little Loyalsock Creek
SW2_1050_0930,Pine Creek West Branch
SW2_1070_1060,Loyalsock Creek
SW2_1100_1130,Kettle Creek
SW2_1190_1410,Muncy Creek
SW2_1240_1270,West Creek
SW2_1360_1430,Bennette Branch
SW2_1770_1690,Bald Eagle Creek
SW2_1950_1940,Susquehanna River West Branch
SW2_2020_1940,Chest Creek
SW3_0930_1110,Pine Creek
SW3_1040_1220,Lycoming Creek
SW3_1060_1260,Loyalsock Creek
SW3_1080_1350,Texas Creek
SW3_1090_1091,Sinnemahoning Creek First Fork
SW3_1091_1380,George B. Stevenson Dam
SW3_1130_1390,Alvin R. Bush Dam
SW3_1220_1320,Lycoming Creek
SW3_1250_1340,Larrys Creek
SW3_1270_1370,Driftwood Branch
SW3_1370_1430,Driftwood Branch
SW3_1380_1490,Sinnemahoning Creek First Fork
SW3_1390_1330,Kettle Creek
SW3_1580_1440,Bald Eagle Creek
SW3_1600_1580,Beech Creek
SW3_1660_1580,Bald Eagle Creek
SW3_1690_1660,Foster Joseph Sayers Dam
SW3_1750_1540,Moshannon Creek
SW3_1800_1650,Clearfield Creek
SW3_1870_1800,Clearfield Creek
SW3_1920_1750,Moshannon Creek
SW4_1110_1150,Pine Creek
SW4_1150_1350,Pine Creek
SW4_1260_1300,Loyalsock Creek
SW4_1430_1490,Bennette Branch
SW4_1490_1400,Sinnemahoning Creek
SW4_1720_1650,Susquehanna River West Branch
SW4_1860_1720,Curwensville Dam
SW4_1940_1860,Susquehanna River West Branch
SW5_1350_1470,Pine Creek
SW5_1540_1400,Susquehanna River West Branch
SW5_1650_1540,Susquehanna River West Branch
SW6_1230_1440,Susquehanna River West Branch
SW6_1330_1230,Susquehanna River West Branch
SW6_1400_1330,Susquehanna River West Branch
SW6_1440_1470,Susquehanna River West Branch
SW7_1300_1410,Susquehanna River West Branch
SW7_1320_1300,Susquehanna River West Branch
SW7_1340_1320,Susquehanna River West Branch
SW7_1410_1460,Susquehanna River West Branch
SW7_1460_1640,Susquehanna River West Branch
SW7_1470_1340,Susquehanna River West Branch
SW7_1640_1680,Susquehanna River West Branch
SW7_1680_1760,Susquehanna River West Branch
WL0_4390_0000,Drains to Tidal Water - No River Simulation
WL0_4391_0000,Drains to Tidal Water - No River Simulation
WL0_4392_0000,Drains to Tidal Water - No River Simulation
WL0_4393_0000,Drains to Tidal Water - No River Simulation
WL0_4394_0000,Drains to Tidal Water - No River Simulation
WL0_4420_0000,Drains to Tidal Water - No River Simulation
WL0_4421_0000,Drains to Tidal Water - No River Simulation
WL0_4422_0000,Drains to Tidal Water - No River Simulation
WL0_4423_0000,Drains to Tidal Water - No River Simulation
WL0_4424_0000,Drains to Tidal Water - No River Simulation
WL0_4425_0000,Drains to Tidal Water - No River Simulation
WL0_4600_0000,Drains to Tidal Water - No River Simulation
WL0_4601_0000,Drains to Tidal Water - No River Simulation
WL0_4602_0000,Drains to Tidal Water - No River Simulation
WL0_4603_0000,Drains to Tidal Water - No River Simulation
WL0_4770_0000,Drains to Tidal Water - No River Simulation
WL0_4771_0000,Drains to Tidal Water - No River Simulation
WL0_4772_0000,Drains to Tidal Water - No River Simulation
WL0_4920_0000,Drains to Tidal Water - No River Simulation
WL0_4921_0000,Drains to Tidal Water - No River Simulation
WL0_4922_0000,Drains to Tidal Water - No River Simulation
WL0_4923_0000,Drains to Tidal Water - No River Simulation
WL0_4924_0000,Drains to Tidal Water - No River Simulation
WL0_4925_0000,Drains to Tidal Water - No River Simulation
WL0_5880_0000,Drains to Tidal Water - No River Simulation
WL0_5881_0000,Drains to Tidal Water - No River Simulation
WM0_3650_0001,Jones Falls
WM0_3740_0001,Herring Run
WM0_3741_0000,Drains to Tidal Water - No River Simulation
WM0_3742_0000,Drains to Tidal Water - No River Simulation
WM0_3743_0000,Drains to Tidal Water - No River Simulation
WM0_3744_0000,Drains to Tidal Water - No River Simulation
WM0_3745_0000,Drains to Tidal Water - No River Simulation
WM0_3881_3880,Liberty Dam
WM0_3960_0000,Drains to Tidal Water - No River Simulation
WM0_3961_0000,Drains to Tidal Water - No River Simulation
WM0_3962_0000,Drains to Tidal Water - No River Simulation
WM0_3963_0000,Drains to Tidal Water - No River Simulation
WM0_3964_0000,Drains to Tidal Water - No River Simulation
WM0_3965_0000,Drains to Tidal Water - No River Simulation
WM0_3966_0000,Drains to Tidal Water - No River Simulation
WM1_3660_3910,Gwynns Falls
WM1_3882_3880,Patapsco River
WM1_3910_0001,Gwynns Falls
WM3_3880_4060,Patapsco River
WM3_4060_0001,Patapsco River
WU0_3021_3020,Prettyboy Dam
WU0_3160_0000,Drains to Tidal Water - No River Simulation
WU0_3161_0000,Drains to Tidal Water - No River Simulation
WU0_3162_0000,Drains to Tidal Water - No River Simulation
WU0_3163_0000,Drains to Tidal Water - No River Simulation
WU0_3164_0000,Drains to Tidal Water - No River Simulation
WU0_3250_0001,Bynum Run
WU0_3251_0000,Drains to Tidal Water - No River Simulation
WU0_3252_0000,Drains to Tidal Water - No River Simulation
WU0_3253_0000,Drains to Tidal Water - No River Simulation
WU0_3254_0000,Drains to Tidal Water - No River Simulation
WU0_3255_0000,Drains to Tidal Water - No River Simulation
WU0_3540_0000,Drains to Tidal Water - No River Simulation
WU0_3541_0000,Drains to Tidal Water - No River Simulation
WU0_3542_0000,Drains to Tidal Water - No River Simulation
WU0_3670_0001,Whitemarsh Run
WU0_3671_0000,Drains to Tidal Water - No River Simulation
WU0_3820_0000,Drains to Tidal Water - No River Simulation
WU0_3821_0000,Drains to Tidal Water - No River Simulation
WU1_3240_3331,Winters Run
WU1_3330_0001,Winters Run
WU1_3331_3330,Winters Run
WU1_3350_3490,Western Run
WU1_3482_0001,Western Run
WU1_3490_3480,Gunpowder Falls
WU2_3020_3320,Gunpowder Falls
WU2_3320_3480,Gunpowder Falls
WU3_3480_3481,Loch Raven Dam
WU3_3481_0001,Gunpowder Falls
XL0_4953_0000,Drains to Tidal Water - No River Simulation
XL0_4954_0000,Drains to Tidal Water - No River Simulation
XL0_4955_0000,Drains to Tidal Water - No River Simulation
XL0_4956_0000,Drains to Tidal Water - No River Simulation
XL0_5320_0001,Hunting Creek
XL0_5340_0000,Drains to Tidal Water - No River Simulation
XL0_5341_0000,Drains to Tidal Water - No River Simulation
XL0_5342_0000,Drains to Tidal Water - No River Simulation
XL0_5343_0000,Drains to Tidal Water - No River Simulation
XL0_5344_0000,Drains to Tidal Water - No River Simulation
XL0_5345_0000,Drains to Tidal Water - No River Simulation
XL0_5346_0000,Drains to Tidal Water - No River Simulation
XL0_5347_0000,Drains to Tidal Water - No River Simulation
XL0_5348_0000,Drains to Tidal Water - No River Simulation
XL0_5349_0000,Drains to Tidal Water - No River Simulation
XL0_5350_0000,Hunting Creek
XL1_4690_0001,Patuxent River Western Branch
XL1_4691_0000,Patuxent River Western Branch
XL3_4710_0000,Patuxent River
XL3_4711_0000,Drains to Tidal Water - No River Simulation
XL3_4712_0000,Drains to Tidal Water - No River Simulation
XL3_4713_0000,Drains to Tidal Water - No River Simulation
XL3_4950_0000,Patuxent River
XL3_4951_0000,Drains to Tidal Water - No River Simulation
XL3_4952_0000,Drains to Tidal Water - No River Simulation
XU0_4090_4270,Little Patuxent River
XU0_4091_4270,Middle Patuxent River
XU0_4092_4090,TODO Little Patuxent River
XU0_4130_4070,Patuxent River
XU2_4070_4330,Brighton Dam
XU2_4270_4650,Little Patuxent River
XU2_4330_4480,Rocky Gorge Dam
XU2_4480_4650,Patuxent River
XU3_4650_0001,Patuxent River
YL0_6581_0000,Drains to Tidal Water - No River Simulation
YL0_6870_0000,Drains to Tidal Water - No River Simulation
YL0_6871_0000,Drains to Tidal Water - No River Simulation
YL0_6872_0000,Drains to Tidal Water - No River Simulation
YL0_6929_0000,Drains to Tidal Water - No River Simulation
YL0_6930_0000,Drains to Tidal Water - No River Simulation
YL0_6931_0000,Drains to Tidal Water - No River Simulation
YL0_6932_0000,Drains to Tidal Water - No River Simulation
YL0_7010_0000,Owens Creek
YL0_7230_0000,Drains to Tidal Water - No River Simulation
YL0_7370_0000,Drains to Tidal Water - No River Simulation
YL0_7371_0000,Drains to Tidal Water - No River Simulation
YL0_7372_0000,Drains to Tidal Water - No River Simulation
YL2_6580_0001,Piankatank River
YM0_6621_0000,Mattaponi River
YM0_6622_0000,Drains to Tidal Water - No River Simulation
YM0_6623_0000,Mattaponi River
YM1_6370_6620,Maracossic Creek
YM2_6120_6430,Po river
YM3_6430_6620,Mattaponi River
YM4_6620_0001,Mattaponi River
YP0_6781_0000,Drains to Tidal Water - No River Simulation
YP0_6782_0000,Drains to Tidal Water - No River Simulation
YP0_6783_0000,Drains to Tidal Water - No River Simulation
YP0_6840_0001,Totopotomoy Creek
YP0_6860_6840,Totopotomoy Creek
YP1_6570_6680,Little River
YP1_6680_6670,Little River
YP2_6390_6330,North Anna Dam
YP3_6330_6700,North Anna River
YP3_6470_6690,South Anna River
YP3_6670_6720,North Anna River
YP3_6690_6720,South Anna River
YP3_6700_6670,North Anna River
YP4_6720_6750,Pamunkey River
YP4_6750_0001,Pamunkey River
YP5_6780_0000,Pamunkey River
ZZ0_7663_0000,Drains to Tidal Water - No River Simulation
ZZ0_9999_9999,Land Segment Only- No River Simulation
end,
